stock_code,company_name,market,bankruptcy,delisted_check,delisted_date
008670,굿모닝신한증권,Y,0,1,2005-01-05
005600,중앙제지,Y,1,1,2005-01-06
035780,그로웰텔레콤,K,0,1,2005-01-11
035910,현대멀티캡,K,1,1,2005-01-19
009220,그로웰전자,K,0,1,2005-01-19
037640,대경테크노스,K,1,1,2005-01-24
007910,세원화성,Y,0,1,2005-02-24
025690,동방라이텍,K,1,1,2005-03-12
054080,우주통신,K,1,1,2005-03-30
004660,신동방CP,Y,0,1,2005-03-30
036880,맥시스템,K,1,1,2005-03-31
053250,엔에스아이,K,1,1,2005-04-02
036600,지니웍스,K,1,1,2005-04-02
036020,한아시스템,K,1,1,2005-04-02
056500,슈마일렉트론,K,1,1,2005-04-05
037650,성진산업,K,1,1,2005-04-05
018180,텔슨정보통신,K,1,1,2005-04-07
038100,아이엠아이티,K,1,1,2005-04-08
006150,한메NS,Y,1,1,2005-04-08
037220,넥스텔,K,1,1,2005-04-09
054370,업필,K,1,1,2005-04-12
042960,창민테크,K,1,1,2005-04-13
006750,센추리,Y,1,1,2005-04-14
012250,셰프라인,Y,1,1,2005-04-15
009360,베네데스하이텍,Y,1,1,2005-04-15
036590,케이엔티,K,1,1,2005-04-16
009760,한국컴퓨터지주,Y,0,1,2005-04-19
049130,하우리,K,1,1,2005-04-20
036820,BET,K,1,1,2005-04-21
032610,에스오케이,K,1,1,2005-04-21
009890,맥슨텔레콤,Y,1,1,2005-04-21
000110,제일은행,Y,0,1,2005-04-22
036900,택산아이엔씨,K,1,1,2005-04-23
044440,솔빛미디어,K,1,1,2005-04-26
032050,후야인포넷,K,1,1,2005-04-26
009940,대아리드선,Y,1,1,2005-04-28
008120,모토조이,Y,1,1,2005-04-28
001670,경남모직,Y,1,1,2005-04-28
046810,코리언일랙트로닉스,K,1,1,2005-04-30
030950,보진재,K,1,1,2005-04-30
033220,남성알미늄,K,0,1,2005-05-04
002480,범양사,K,0,1,2005-05-04
038960,현주컴퓨터,K,1,1,2005-05-11
032180,이수세라믹,K,0,1,2005-05-25
008030,아이텍스필,K,1,1,2005-06-02
008270,산은캐피탈,Y,0,1,2005-06-16
006250,극동전선,Y,0,1,2005-07-18
001580,신광기업,Y,1,1,2005-08-05
055810,KTC텔레콤,K,1,1,2005-08-13
009080,퍼시픽글라스,Y,0,1,2005-08-17
038980,이지클럽,K,1,1,2005-09-10
021570,알루코,K,1,1,2005-10-13
057110,아이티센,K,1,1,2005-10-22
039870,피케이엘,K,1,1,2005-11-09
002860,하나은행,Y,0,1,2005-12-12
019560,한국파트너스,K,0,1,2005-12-24
014010,인터피온반도체,Y,1,1,2005-12-28
023420,유진종합개발,K,0,1,2005-12-31
056060,세니콘,K,1,1,2006-04-08
039110,에스피컴텍,K,1,1,2006-04-15
049370,CJ엔터테인,K,0,1,2006-04-20
066480,휘튼,K,1,1,2006-04-25
041500,대한바이오,K,1,1,2006-04-25
047420,레이더스컴퍼니,K,1,1,2006-07-13
016970,씨크롭,Y,1,1,2006-07-13
063510,코오롱인터내셔널,Y,0,1,2006-07-21
048760,브이케이,K,1,1,2006-07-22
003330,하나증권,Y,0,1,2006-10-26
003040,한일약품공업,Y,0,1,2006-11-21
006600,동신제약,Y,0,1,2006-11-22
037060,시큐어소프트,K,1,1,2007-04-04
054250,예일바이오텍,K,1,1,2007-04-11
054440,엠텍반도체,K,1,1,2007-04-13
054790,제이엠피,K,1,1,2007-04-24
063350,팬택앤큐리텔,Y,1,1,2007-04-25
025930,팬택,Y,1,1,2007-04-25
025830,한국합섬,Y,1,1,2007-04-25
014900,삼보컴퓨터,Y,1,1,2007-04-25
045310,이레전자산업,K,1,1,2007-05-08
001830,동부일렉트로닉스,Y,0,1,2007-05-21
011020,코오롱유화,Y,0,1,2007-06-15
005330,카스코,Y,0,1,2007-06-20
038420,씨엔씨엔터,K,1,1,2007-08-29
015670,AP우주통신,Y,1,1,2007-09-12
032710,LG카드,Y,0,1,2007-10-10
012990,LG석유화학,Y,0,1,2007-11-15
012460,우영,K,1,1,2008-03-13
058680,오브제,K,0,1,2008-04-10
066330,시큐리티KOR,K,1,1,2008-04-12
064720,모델라인,K,1,1,2008-04-12
042570,퓨쳐비젼,K,1,1,2008-04-12
032590,엔토리노,K,1,1,2008-04-12
065810,UC아이콜스,K,1,1,2008-04-17
004530,에스와이,Y,1,1,2008-04-22
057330,플래닛82,K,1,1,2008-04-23
041940,한텔,K,1,1,2008-04-23
035270,청람디지탈,K,0,1,2008-04-23
060660,한도하이테크,K,1,1,2008-05-03
055970,에너윈,K,1,1,2008-05-03
044370,조이토토,K,1,1,2008-05-03
033330,두림티앤씨,K,1,1,2008-05-03
045760,한통데이타,K,1,1,2008-06-13
034750,디씨씨,K,0,1,2008-07-12
003660,고려시멘트,Y,0,1,2008-08-20
060410,베스트플로우,K,1,1,2008-08-25
050600,세라온,K,1,1,2008-09-09
060000,국민은행,Y,0,1,2008-10-10
039060,아이비진,K,1,1,2008-12-20
072430,아이레보,K,0,1,2009-02-03
007640,HK저축은행,K,0,1,2009-02-03
005760,위너스인프라인,Y,1,1,2009-02-19
079870,산양전기,K,1,1,2009-04-11
078610,도움,K,1,1,2009-04-11
073780,케이디세코,K,1,1,2009-04-11
066200,이노블루,K,1,1,2009-04-11
060550,우수씨엔에스,K,1,1,2009-04-11
053890,미디어코프,K,1,1,2009-04-11
047370,에프아이투어,K,1,1,2009-04-11
038810,포이보스,K,1,1,2009-04-11
016040,디에스피,K,1,1,2009-04-11
103160,풀무원,Y,0,1,2009-04-13
007050,유리이에스,Y,1,1,2009-04-15
065910,PW제네틱스,K,1,1,2009-04-18
016890,대웅바이오,K,0,1,2009-04-20
076170,GBS,Y,1,1,2009-04-22
052310,H1바이오,K,1,1,2009-04-23
041310,모빌링크,K,1,1,2009-04-23
038410,트라이콤,K,0,1,2009-04-23
036760,KNS홀딩스,K,1,1,2009-04-23
019640,희훈디앤지,K,1,1,2009-04-23
036280,뉴켐진스템셀,K,1,1,2009-04-24
001190,마이크로닉스,Y,0,1,2009-04-27
081500,엑스씨이,K,1,1,2009-04-29
080570,IC코퍼레이션,K,1,1,2009-04-29
077960,케이이엔지,K,1,1,2009-04-29
071360,나노하이텍,K,1,1,2009-04-29
056020,쿨투,K,1,1,2009-04-29
036360,3SOFT,K,1,1,2009-04-29
026230,IDH,K,1,1,2009-04-29
025460,팬텀엔터그룹,K,1,1,2009-04-29
053170,코스모스피엘씨,K,1,1,2009-04-30
004230,세신,Y,1,1,2009-04-30
003990,BHK,Y,1,1,2009-04-30
048270,포넷,K,1,1,2009-05-04
013200,씨앤우방,Y,1,1,2009-05-13
009690,케이엠에이치,Y,1,1,2009-05-13
008400,C&중공업,Y,1,1,2009-05-13
006070,기린,Y,1,1,2009-05-13
001970,신성건설,Y,1,1,2009-05-13
000790,씨앤상선,Y,1,1,2009-05-13
036790,자강,K,1,1,2009-05-15
033720,블루스톤,K,1,1,2009-05-15
059720,야호,K,1,1,2009-05-27
040020,사라콤,K,1,1,2009-05-27
038920,지이엔에프,K,1,1,2009-05-29
053070,트리니티,K,1,1,2009-06-03
039990,코아정보,K,1,1,2009-06-10
036610,지디코프,K,1,1,2009-06-17
036270,헤쎄나,K,1,1,2009-06-17
032390,KTF,Y,1,1,2009-06-23
079340,하이럭스,K,1,1,2009-06-24
052560,삼성수산,K,1,1,2009-07-01
031800,ST&I,K,1,1,2009-07-01
063280,사이버패스,K,1,1,2009-07-08
006210,휴리프,Y,1,1,2009-07-15
042100,현대오토넷,Y,0,1,2009-07-16
016990,LG마이크론,K,0,1,2009-07-16
038830,케이엠에스,K,1,1,2009-08-08
001370,FNC코오롱,Y,0,1,2009-08-17
035950,케이알,K,1,1,2009-08-21
044070,한서제약,K,0,1,2009-08-25
046320,MTRON,K,1,1,2009-08-28
054650,뉴젠비아이티,K,0,1,2009-09-04
035500,써니트렌드,K,1,1,2009-09-04
033880,블루멈,K,1,1,2009-09-04
058550,네오리소스,K,1,1,2009-09-15
032570,카라반케이디이,K,1,1,2009-09-18
073710,씨디네트웍스,K,0,1,2009-09-23
066850,아이드림,K,1,1,2009-10-07
052640,제네시스,K,1,1,2009-10-07
044770,에이엠에스,K,1,1,2009-10-07
076850,맥쿼리센트럴,Y,0,1,2009-10-09
001950,남한제지,Y,1,1,2009-10-15
051530,굿이엠지,K,1,1,2009-11-03
035010,소예,K,1,1,2009-11-03
014420,프로비타,K,1,1,2009-11-06
036660,플러스프로핏,K,1,1,2009-11-20
085680,모빌탑,K,1,1,2009-11-25
045380,더존디지털,K,0,1,2009-12-09
062730,케너텍,K,1,1,2009-12-23
045820,LG파워콤,Y,0,1,2010-01-15
015940,LG데이콤,Y,0,1,2010-01-15
000610,제일화재해상보험,Y,0,1,2010-01-20
047940,비엔디,K,1,1,2010-01-29
080140,디보스,K,1,1,2010-02-02
037830,글로포스트,K,1,1,2010-02-09
045400,이롬텍,K,1,1,2010-02-11
067950,티이씨,K,1,1,2010-02-20
031960,동산진흥,K,1,1,2010-02-20
078700,신지소프트,K,0,1,2010-02-27
056850,코어비트,K,1,1,2010-03-09
041800,코디콤,K,1,1,2010-03-09
015050,비전하이테크,K,1,1,2010-03-09
008320,한국기술산업,Y,1,1,2010-03-11
017010,제너비오믹스,K,1,1,2010-03-26
084810,아이알디,K,1,1,2010-04-01
054020,GK파워,K,1,1,2010-04-03
017050,스타맥스,K,1,1,2010-04-05
045880,유티엑스,K,1,1,2010-04-10
079560,모젬,K,0,1,2010-04-13
064060,사이노젠,K,1,1,2010-04-13
060670,유퍼트,K,1,1,2010-04-13
051810,모보,K,0,1,2010-04-13
046350,에듀아크,K,0,1,2010-04-13
032030,일공공일안경,K,1,1,2010-04-13
015170,중앙바이오텍,K,1,1,2010-04-13
008340,코레스,K,1,1,2010-04-13
108070,삼성디지털이미징,Y,0,1,2010-04-14
065340,쓰리디월드,K,1,1,2010-04-15
034660,제넥셀,K,1,1,2010-04-15
017300,에이치비이에너지,Y,1,1,2010-04-15
004820,조인에너지,Y,1,1,2010-04-15
001600,서광건설산업,Y,1,1,2010-04-15
038690,에이스일렉,K,1,1,2010-04-17
033260,쌈지,K,1,1,2010-04-17
048130,에스피코프,K,1,1,2010-04-20
053440,성우몰드,K,0,1,2010-04-21
012420,메리츠종금,Y,0,1,2010-04-21
076090,테이크시스템,K,1,1,2010-04-23
045290,포네이처,K,1,1,2010-04-23
033190,폴켐,K,1,1,2010-04-23
002540,고제,Y,1,1,2010-04-23
078670,아구스,K,1,1,2010-05-01
037110,JS,K,1,1,2010-05-01
035710,CL,K,1,1,2010-05-01
020070,에버리소스,K,1,1,2010-05-01
069470,제로원인터랙티브,Y,1,1,2010-05-03
024870,유성티에스아이,Y,1,1,2010-05-03
012090,성원건설,Y,1,1,2010-05-03
065410,지엔텍홀딩스,K,1,1,2010-05-05
041030,이루넷,K,1,1,2010-05-05
085990,단성일렉트론,K,1,1,2010-05-08
074140,엑스로드,K,1,1,2010-05-08
058480,해원에스티,K,1,1,2010-05-08
057100,하이스마텍,K,1,1,2010-05-08
053470,오페스,K,1,1,2010-05-08
041630,인젠,K,1,1,2010-05-08
041320,보홍,K,1,1,2010-05-08
030390,쏠라엔텍,K,1,1,2010-05-08
018410,현대금속,Y,1,1,2010-05-13
007490,태창기업,Y,1,1,2010-05-13
067850,바이나믹,K,1,1,2010-05-19
011400,케이씨오에너지,Y,1,1,2010-05-20
068770,선우중공업,K,1,1,2010-06-17
023670,알이엔,K,1,1,2010-06-17
066930,에스디,K,0,1,2010-06-29
066300,샤인시스템,K,1,1,2010-06-29
036850,나리지*온,K,0,1,2010-07-14
027840,한국고덴시,Y,0,1,2010-07-14
114410,현대푸드,Y,0,1,2010-07-16
035830,메카포럼,K,1,1,2010-07-16
047710,액티투오,K,1,1,2010-07-21
018890,모라리소스,K,1,1,2010-07-22
011050,케드콤,Y,1,1,2010-07-22
012580,톰보이,Y,1,1,2010-07-30
041550,쎄라텍,K,1,1,2010-08-25
058690,퓨쳐인포넷,K,1,1,2010-08-26
089240,네오세미테크,K,1,1,2010-09-03
041450,인네트,K,1,1,2010-09-14
033030,지오엠씨,K,1,1,2010-09-25
055250,다휘,K,1,1,2010-10-01
035400,브이에스에스티,K,1,1,2010-10-01
058900,투미비티,K,1,1,2010-10-12
013650,데코,K,0,1,2010-10-19
052970,올리브나인,K,1,1,2010-10-20
070080,하이드로젠파워,K,1,1,2010-11-06
048510,테스텍,K,1,1,2010-11-10
044640,동부CNI,K,0,1,2010-11-22
048140,태광이엔시,K,1,1,2010-11-25
047450,이앤텍,K,1,1,2010-11-30
052210,엠씨티티코어,K,1,1,2010-12-04
088020,네이쳐글로벌,K,1,1,2011-01-08
051820,아이피에스,K,0,1,2011-01-14
084450,세실,K,1,1,2011-02-10
046240,에스브이에이치,K,1,1,2011-02-12
009720,한국전기초자,Y,0,1,2011-02-16
032380,핸디소프트,K,1,1,2011-03-03
056200,엠넷미디어,K,0,1,2011-03-22
045710,온미디어,Y,0,1,2011-03-22
037150,CJ인터넷,K,0,1,2011-03-22
005280,부산은행,Y,0,1,2011-03-30
019120,경윤하이드로,K,1,1,2011-04-06
048640,엠엔에프씨,K,1,1,2011-04-13
043680,스톰이앤에프,K,1,1,2011-04-13
031990,대선조선,K,1,1,2011-04-13
030030,중앙디자인,K,1,1,2011-04-13
013240,셀런,Y,1,1,2011-04-15
005350,봉신,Y,1,1,2011-04-15
060750,제이콤,K,1,1,2011-04-16
049690,포휴먼,K,0,1,2011-04-23
037020,한와이어리스,K,1,1,2011-04-23
032290,알티전자,K,0,1,2011-04-23
016160,오라바이오틱스,Y,1,1,2011-04-26
088810,맥스브로,K,1,1,2011-04-29
054170,엔빅스,K,1,1,2011-04-29
054150,뉴젠아이씨티,K,1,1,2011-04-29
043630,지앤알,K,1,1,2011-04-29
039040,유니텍전자,K,1,1,2011-04-29
019430,넥서스투자,K,1,1,2011-04-29
017160,세븐코스프,K,1,1,2011-04-29
072530,나이스메탈,K,1,1,2011-05-07
038710,BRN사이언스,K,1,1,2011-05-07
033850,지노시스템,K,1,1,2011-05-07
030420,디패션,K,1,1,2011-05-07
014590,티엘씨레저,Y,1,1,2011-05-13
017170,훈영,Y,1,1,2011-05-13
004620,캠브리지코오롱,Y,0,1,2011-05-17
005270,대구은행,Y,0,1,2011-06-07
031950,에듀패스,K,1,1,2011-06-09
052510,에코솔루션,K,1,1,2011-06-16
039350,헤파호프,K,1,1,2011-06-16
034600,글로웍스,K,1,1,2011-06-29
016510,현대DSF,Y,0,1,2011-07-18
050640,이룸지엔지,K,1,1,2011-08-20
036550,에이스디지텍,K,0,1,2011-08-22
066340,케이에스알,K,0,1,2011-09-09
047600,세계투어,K,1,1,2011-09-09
023020,동양매직,K,0,1,2011-09-14
036840,히스토스템,K,1,1,2011-09-15
081090,씨모텍,K,1,1,2011-09-23
052880,큐앤에스,K,1,1,2011-09-23
103150,하이트맥주,Y,0,1,2011-09-26
054010,선팩테크,K,1,1,2011-10-06
042870,에코페트로시스템,K,1,1,2011-10-06
037700,토자이홀딩스,K,1,1,2011-10-12
026540,제일창투,K,1,1,2011-10-14
024100,제일저축은행,Y,1,1,2011-10-14
040180,대양글로벌,K,1,1,2011-10-25
037550,클라스타,K,1,1,2011-10-26
950030,네프로아이티,K,1,1,2011-11-05
052810,아시아미디어홀딩스,K,1,1,2011-11-22
900020,코웰이홀딩스,K,0,1,2011-11-26
037540,네스테크,K,1,1,2011-11-26
026220,에스티씨라이프,K,1,1,2011-11-29
090090,디앤샵,K,0,1,2011-12-15
054120,더체인지,K,0,1,2011-12-15
025970,알덱스,K,0,1,2011-12-20
061140,엘앤피아너스,K,1,1,2011-12-28
025340,그린기술투자,K,1,1,2011-12-28
022520,코오롱아이넷,Y,0,1,2012-01-11
032930,에이스앤파트너스,K,0,1,2012-01-18
061050,지앤디윈텍,K,1,1,2012-01-20
046720,엔하이테크,K,1,1,2012-02-01
037380,에이원마이크로,K,1,1,2012-02-01
088960,씨티엘테크,K,1,1,2012-02-08
037320,시노펙스그린테크,K,0,1,2012-03-19
094700,미성포리테크,K,1,1,2012-04-13
089480,평산,K,1,1,2012-04-13
056710,미리넷,K,1,1,2012-04-13
056010,아이스테이션,K,1,1,2012-04-13
042340,대국,K,1,1,2012-04-13
015390,엘앤씨피,K,1,1,2012-04-13
052350,코아에스앤아이,K,1,1,2012-04-17
002670,미주제강,K,1,1,2012-04-17
068630,에피밸리,K,1,1,2012-04-24
045470,에이프로테크놀로지,K,1,1,2012-04-24
066690,보광티에스,K,1,1,2012-05-01
065610,폴리플러스,K,1,1,2012-05-01
050470,CT&T,K,1,1,2012-05-01
040740,아인스M&M,K,1,1,2012-05-01
015200,비앤비성원,K,1,1,2012-05-01
053040,블루젬디앤씨,K,1,1,2012-05-17
001310,풍림산업,Y,1,1,2012-05-18
065310,JH코오스,K,1,1,2012-05-31
037240,평안물산,K,1,1,2012-06-01
067130,클루넷,K,1,1,2012-06-08
008540,케이비물산,Y,1,1,2012-06-08
012400,허메스홀딩스,Y,1,1,2012-06-12
004550,대우송도개발,Y,1,1,2012-06-22
021060,한림창투,K,1,1,2012-06-27
000470,그린손해보험,Y,1,1,2012-07-16
098400,엔스퍼트,K,1,1,2012-07-24
025610,한국저축은행,Y,1,1,2012-07-25
007800,솔로몬저축은행,Y,1,1,2012-07-25
045260,디에이치패션,K,1,1,2012-08-01
105070,금강제강,K,1,1,2012-08-14
011800,배명금속,Y,1,1,2012-09-03
019260,엔케이바이오,K,1,1,2012-09-05
038320,어울림정보,K,0,1,2012-09-08
033280,어울림엘시스,K,0,1,2012-09-11
007150,동양텔레콤,K,0,1,2012-09-11
900030,연합과기,Y,1,1,2012-09-14
034510,무한투자,K,1,1,2012-09-25
900150,성융광전투자,K,1,1,2012-09-26
050050,유아이에너지,K,1,1,2012-09-26
071660,SSCP,K,1,1,2012-09-29
073130,인스프리트,K,1,1,2012-10-12
016140,웨스테이트,K,0,1,2012-10-12
016560,서울저축은행,Y,1,1,2012-10-17
007200,진흥저축은행,Y,1,1,2012-10-17
043890,한빛방송,K,0,1,2012-11-01
038990,넥스콘테크,K,0,1,2012-11-01
035210,티브로드도봉강북방송,K,0,1,2012-11-01
026870,코원에너지서비스,Y,0,1,2012-11-15
048460,엑큐리스,K,0,1,2012-11-16
047730,넷웨이브,K,1,1,2012-11-17
042820,어울림 네트,K,1,1,2012-11-17
045050,큐리어스,K,1,1,2012-11-27
046430,알에스넷,K,1,1,2012-12-05
015110,중앙건설,Y,0,1,2012-12-11
064420,케이피케미칼,Y,0,1,2013-01-15
014300,선진지주,Y,0,1,2013-01-18
004010,롯데미도파,Y,0,1,2013-01-22
009380,아세아페이퍼텍,Y,0,1,2013-01-23
007480,대한은박지,Y,0,1,2013-01-28
038120,AD모터스,K,1,1,2013-01-30
034010,트라이써클,K,1,1,2013-02-21
031920,신민저축은행,K,0,1,2013-02-27
016570,태평양제약,Y,0,1,2013-03-15
068420,엔터기술,K,1,1,2013-04-06
066060,휴먼텍코리아,K,1,1,2013-04-12
052650,이디디컴퍼니,K,1,1,2013-04-12
026250,삼우이엠씨,K,1,1,2013-04-12
009280,다함이텍,Y,0,1,2013-04-16
006440,한일건설,Y,1,1,2013-04-16
071530,유에이블,K,1,1,2013-04-23
013780,아큐텍,K,1,1,2013-04-23
004940,한국외환은행,Y,0,1,2013-04-26
051710,디에스,K,1,1,2013-05-01
046840,자유투어,K,1,1,2013-05-01
038720,유일엔시스,K,1,1,2013-05-01
009010,에듀언스,K,1,1,2013-05-01
028090,네오퍼플,K,1,1,2013-05-03
003190,알앤엘바이오,Y,1,1,2013-05-03
088700,마이스코,K,1,1,2013-05-04
036920,지앤에스티,K,1,1,2013-05-07
033550,룩손에너지,K,1,1,2013-05-07
012410,글로스텍,Y,1,1,2013-06-04
900010,3노드디지탈,K,0,1,2013-06-05
025920,우경,K,1,1,2013-07-10
073930,제너시스템즈,K,1,1,2013-07-12
006350,전북은행,Y,0,1,2013-07-18
037630,에스비엠,K,1,1,2013-07-24
035450,지아이바이오,K,1,1,2013-08-07
056810,위다스,K,1,1,2013-09-10
049000,예당,K,1,1,2013-09-10
008080,에스와이코퍼레이션,Y,0,1,2013-09-25
950070,중국고섬,Y,1,1,2013-10-04
900060,중국식품포장,K,0,1,2013-10-11
053320,테라리소스,K,1,1,2014-02-07
081220,세미텍,K,0,1,2014-03-03
004790,렉스엘이앤지,K,1,1,2014-03-04
074000,엠텍비젼,K,0,1,2014-03-27
005560,JS전선,Y,0,1,2014-04-10
110310,모린스,K,1,1,2014-04-11
036210,태산엘시디,K,1,1,2014-04-11
012650,쌍용건설,K,1,1,2014-04-11
010670,나노트로닉스,K,1,1,2014-04-11
067250,STX조선해양,Y,1,1,2014-04-15
010460,화인자산관리,Y,0,1,2014-04-15
005900,동양건설,Y,1,1,2014-04-25
002530,벽산건설,Y,0,1,2014-04-25
041060,아라온테크,K,1,1,2014-05-08
101990,파브코,Y,0,1,2014-05-21
056340,CU전자,K,1,1,2014-05-21
082930,실리콘화일,K,0,1,2014-05-23
001300,제일모직,Y,0,1,2014-07-15
070480,에버테크노,K,1,1,2014-07-17
110500,유니드코리아,K,1,1,2014-09-02
046400,디브이에스,K,1,1,2014-09-02
013340,AJS,K,1,1,2014-09-02
053000,우리금융지주,Y,0,1,2014-11-19
008720,삼양엔텍,Y,0,1,2014-12-30
950100,SBI모기지,Y,0,1,2015-01-07
003640,유니온스틸,Y,0,1,2015-01-16
016420,NH농협증권,Y,0,1,2015-01-20
091690,디지텍시스템,K,1,1,2015-01-21
032420,터보테크,K,1,1,2015-01-27
053740,국제엘렉트릭,K,0,1,2015-02-10
000420,로케트전기,Y,1,1,2015-02-24
149130,케이비부국위탁리츠,Y,1,1,2015-03-02
101970,우양에이치씨,K,1,1,2015-03-17
004320,울트라건설,K,1,1,2015-04-13
014350,신일건업,Y,1,1,2015-04-15
000800,경남기업,Y,1,1,2015-04-15
000360,삼환기업,Y,1,1,2015-04-15
053330,영진코퍼레이션,K,1,1,2015-04-23
065180,해피드림,K,1,1,2015-05-04
090120,잘만테크,K,1,1,2015-05-13
039850,태창파로스,K,1,1,2015-05-19
039530,씨앤케이인터,K,1,1,2015-05-19
066350,티에스엠텍,K,1,1,2015-05-20
192520,경남은행,Y,0,1,2015-06-23
033630,SK브로드밴드,K,0,1,2015-07-01
071930,에이스하이텍,K,1,1,2015-07-10
010520,현대하이스코,Y,0,1,2015-07-15
040670,와이즈파워,K,1,1,2015-07-16
013450,동성하이켐,K,0,1,2015-07-20
074130,디아이디,K,1,1,2015-07-23
003600,SK,Y,0,1,2015-08-17
000830,삼성물산,Y,0,1,2015-09-15
138440,이코리아리츠,Y,1,1,2015-09-16
068060,KCW,K,1,1,2015-09-18
053870,GT&T,K,1,1,2015-10-15
950010,평산차업,Y,0,1,2015-11-05
003940,삼양제넥스,Y,0,1,2016-01-21
111610,승화프리텍,K,1,1,2016-01-25
025850,한화화인케미칼,Y,0,1,2016-03-15
065270,플렉스컴,K,1,1,2016-04-12
051310,포스코플랜텍,Y,1,1,2016-04-15
158380,삼목강업,K,0,1,2016-04-21
078780,아이디에스,K,1,1,2016-04-28
086200,제이앤유글로벌,K,1,1,2016-05-09
036220,인포피아,K,1,1,2016-05-09
008900,티이씨코,Y,0,1,2016-05-17
008020,경남에너지,Y,0,1,2016-05-19
082390,피엘에이,K,1,1,2016-07-25
019300,태림페이퍼,Y,0,1,2016-08-11
025270,부산방직,K,0,1,2016-08-18
074150,엠제이비,K,1,1,2016-09-05
037340,씨엘인터내셔널,K,1,1,2016-09-08
053810,아이팩토리,K,1,1,2016-09-19
003450,현대증권,Y,0,1,2016-11-01
011720,현대페인트,Y,1,1,2016-11-21
104120,신성에프에이,Y,0,1,2017-01-02
104110,신성이엔지,Y,0,1,2017-01-02
068870,LG생명과학,Y,0,1,2017-01-17
037620,미래에셋증권,Y,0,1,2017-01-20
060910,프리젠,K,1,1,2017-02-24
066270,SK컴즈,K,0,1,2017-02-27
117930,한진해운,Y,1,1,2017-03-07
068150,케이엔씨글로벌,K,1,1,2017-03-07
007190,한솔아트원제지,Y,0,1,2017-03-15
052270,우전,K,1,1,2017-04-13
110570,넥솔론,Y,1,1,2017-04-17
086830,신양오라컴,K,1,1,2017-05-08
058370,비엔씨컴퍼니,K,1,1,2017-05-08
036500,에스에스컴텍,K,1,1,2017-05-11
004740,보루네오가구,Y,1,1,2017-07-05
021960,KB캐피탈,Y,0,1,2017-07-21
002550,KB손해보험,Y,0,1,2017-07-21
900130,웨이포트,K,0,1,2017-07-25
005620,대성합동지주,Y,0,1,2017-08-25
095300,엔에스브이,K,1,1,2017-09-12
900050,중국원양자원,Y,1,1,2017-09-27
061460,한진피앤씨,K,0,1,2017-09-29
023430,아이이,K,1,1,2017-12-20
039790,위노바,K,1,1,2018-03-09
051170,썬코어,K,1,1,2018-03-15
008000,도레이케미칼,Y,0,1,2018-03-20
099830,씨그널엔터테인먼트그룹,K,1,1,2018-05-04
087220,스틸플라워,K,1,1,2018-05-08
900180,완리,K,1,1,2018-05-23
099660,신텍,K,1,1,2018-07-09
024660,하림홀딩스,K,0,1,2018-07-16
090730,SIMPAC Metal,K,0,1,2018-07-17
130960,CJ E&M,K,0,1,2018-07-18
043580,에임하이,K,1,1,2018-08-10
016170,카카오M,K,0,1,2018-09-18
005980,성지건설,Y,1,1,2018-10-04
081970,넥스지,K,1,1,2018-10-11
052290,트레이스,K,1,1,2018-10-11
047440,레이젠,K,1,1,2018-10-11
032040,C&S자산관리,K,1,1,2018-10-11
026260,위너지스,K,1,1,2018-10-11
194610,우성아이비,K,1,1,2018-10-12
155960,지디,K,1,1,2018-10-12
192530,광주은행,Y,0,1,2018-10-26
002000,한국유리공업,Y,0,1,2018-12-13
004130,대덕GDS,Y,0,1,2018-12-19
900090,차이나하오란,K,0,1,2019-01-02
000030,우리은행,Y,0,1,2019-02-13
123100,원익테라세미콘,K,0,1,2019-02-20
065160,에프티이앤이,K,1,1,2019-05-03
002250,알보젠코리아,Y,0,1,2019-05-20
079660,사조해표,Y,0,1,2019-06-26
026180,현대정보기술,K,0,1,2019-07-17
225650,쿠첸,K,0,1,2019-09-16
017680,데코앤이,K,1,1,2019-11-20
035480,제이테크놀로지,K,1,1,2019-12-12
192080,더블유게임즈,Y,0,0,
078520,에이블씨엔씨,Y,0,0,
068270,셀트리온,Y,0,0,
049800,우진플라임,Y,0,0,
044820,코스맥스비티아이,Y,0,0,
041650,상신브레이크,Y,0,0,
039490,키움증권,Y,0,0,
039130,하나투어,Y,0,0,
037030,파워넷,K,0,0,
036570,엔씨소프트,Y,0,0,
036530,S&T홀딩스,Y,0,0,
036420,제이콘텐트리,Y,0,0,
035720,카카오,Y,0,0,
035510,신세계I&C,Y,0,0,
035420,NAVER,Y,0,0,
035250,강원랜드,Y,0,0,
034830,한국토지신탁,Y,0,0,
034300,신세계건설,Y,0,0,
034120,SBS,Y,0,0,
033920,무학,Y,0,0,
033530,세종공업,Y,0,0,
033270,유나이티드,Y,0,0,
033180,필룩스,Y,0,0,
032640,LG유플러스,Y,0,0,
032560,황금에스티,Y,0,0,
031440,신세계푸드,Y,0,0,
030790,동양네트웍스,Y,0,0,
030610,교보증권,Y,0,0,
027740,마니커,Y,0,0,
026960,동서,Y,0,0,
026940,부국철강,Y,0,0,
024720,한국콜마홀딩스,Y,0,0,
024110,기업은행,Y,0,0,
023810,인팩,Y,0,0,
022220,정산애강,K,0,0,
021240,웅진코웨이,Y,0,0,
020560,아시아나항공,Y,0,0,
017370,우신시스템,Y,0,0,
016450,한세예스24홀딩스,Y,0,0,
013890,지누스,Y,0,0,
013310,아진산업,K,0,0,
010960,삼호개발,Y,0,0,
010040,한국내화,Y,0,0,
007660,이수페타시스,Y,0,0,
006890,태경화학,Y,0,0,
003670,포스코케미칼,Y,0,0,
003380,하림지주,K,0,0,
001780,알루코,Y,0,0,
000080,하이트진로,Y,0,0,
950180,SNK,K,0,0,
950170,JTC,K,0,0,
950160,코오롱티슈진,K,0,0,
950140,잉글우드랩,K,0,0,
950130,엑세스바이오,K,0,0,
950110,SBI핀테크솔루션즈,K,0,0,
900340,윙입푸드,K,0,0,
900310,컬러레이,K,0,0,
900300,오가닉티코스메틱,K,0,0,
900290,GRT,K,0,0,
900280,골든센츄리,K,0,0,
900270,헝셩그룹,K,0,0,
900260,로스웰,K,0,0,
900250,크리스탈신소재,K,0,0,
900140,엘브이엠씨,Y,0,0,
900120,씨케이에이치,K,0,0,
900110,이스트아시아홀딩스,K,0,0,
900100,뉴프라이드,K,0,0,
900080,에스앤씨엔진그룹,K,0,0,
900070,글로벌에스엠,K,0,0,
900040,차이나그레이트,K,0,0,
336370,두산솔루스,Y,0,0,
327260,메탈라이프,K,0,0,
322510,제이엘케이인스펙션,K,0,0,
322180,티라유텍,K,0,0,
322000,현대에너지솔루션,Y,0,0,
321550,티움바이오,K,0,0,
319660,피에스케이,K,0,0,
318010,팜스빌,K,0,0,
318000,한국바이오젠,K,0,0,
317870,엔바이오니아,K,0,0,
317850,대모,K,0,0,
317830,에스피시스템스,K,0,0,
317770,슈프리마아이디,K,0,0,
317530,캐리소프트,K,0,0,
317400,자이에스앤디,Y,0,0,
317330,덕산테코피아,K,0,0,
317120,라닉스,K,0,0,
316140,우리금융지주,Y,0,0,
313760,윌링스,K,0,0,
312610,에이에프더블류,K,0,0,
311390,네오크레마,K,0,0,
308170,센트랄모텍,Y,0,0,
308100,까스텔바작,K,0,0,
307950,현대오토에버,Y,0,0,
307930,컴퍼니케이,K,0,0,
306200,세아제강,Y,0,0,
306040,에스제이그룹,K,0,0,
305090,마이크로디지탈,K,0,0,
303030,지니틱스,K,0,0,
302550,리메드,K,0,0,
302430,이노메트리,K,0,0,
300720,한일시멘트,Y,0,0,
300120,라온피플,K,0,0,
300080,플리토,K,0,0,
299910,베스파,K,0,0,
299900,위지윅스튜디오,K,0,0,
299660,셀리드,K,0,0,
298690,에어부산,Y,0,0,
298380,에이비엘바이오,K,0,0,
298050,효성첨단소재,Y,0,0,
298040,효성중공업,Y,0,0,
298020,효성티앤씨,Y,0,0,
298000,효성화학,Y,0,0,
297570,알로이스,K,0,0,
297090,씨에스베어링,K,0,0,
294870,HDC현대산업개발,Y,0,0,
293940,신한알파리츠,Y,0,0,
293780,압타바이오,K,0,0,
293580,나우IB,K,0,0,
293480,하나제약,Y,0,0,
290740,액트로,K,0,0,
290720,푸드나무,K,0,0,
290670,대보마그네틱,K,0,0,
290660,네오펙트,K,0,0,
290650,엘앤씨바이오,K,0,0,
290550,디케이티,K,0,0,
290510,코리아센터,K,0,0,
290380,대유,K,0,0,
290270,휴네시온,K,0,0,
290120,대유에이피,K,0,0,
289080,SV인베스트먼트,K,0,0,
289010,아이스크림에듀,K,0,0,
288620,에스퓨얼셀,K,0,0,
288330,브릿지바이오,K,0,0,
286940,롯데정보통신,Y,0,0,
286750,나노브릭,K,0,0,
285490,노바텍,K,0,0,
285130,SK케미칼,Y,0,0,
284740,쿠쿠홈시스,Y,0,0,
282880,코윈테크,K,0,0,
282690,동아타이어,Y,0,0,
282330,BGF리테일,Y,0,0,
281820,케이씨텍,Y,0,0,
280360,롯데제과,Y,0,0,
279600,미디어젠,K,0,0,
278650,노터스,K,0,0,
278280,천보,K,0,0,
277410,인산가,K,0,0,
277070,린드먼아시아,K,0,0,
275630,에스에스알,K,0,0,
272550,삼양패키징,Y,0,0,
272450,진에어,Y,0,0,
272290,이녹스첨단소재,K,0,0,
272210,한화시스템,Y,0,0,
272110,케이엔제이,K,0,0,
271980,제일약품,Y,0,0,
271560,오리온,Y,0,0,
270870,뉴트리,K,0,0,
269620,시스웍,K,0,0,
268600,셀리버리,K,0,0,
268280,미원에스씨,Y,0,0,
267980,매일유업,K,0,0,
267850,아시아나IDT,Y,0,0,
267790,배럴,K,0,0,
267290,경동도시가스,Y,0,0,
267270,현대건설기계,Y,0,0,
267260,현대일렉트릭,Y,0,0,
267250,현대중공업지주,Y,0,0,
265560,영화테크,K,0,0,
265520,AP시스템,K,0,0,
264900,크라운제과,Y,0,0,
264850,이랜시스,K,0,0,
264660,씨앤지하이테크,K,0,0,
264450,유비쿼스,K,0,0,
263920,블러썸엠앤씨,K,0,0,
263860,지니언스,K,0,0,
263810,상신전자,K,0,0,
263800,데이타솔루션,K,0,0,
263770,유에스티,K,0,0,
263750,펄어비스,K,0,0,
263720,디앤씨미디어,K,0,0,
263700,케어랩스,K,0,0,
263690,디알젬,K,0,0,
263600,덕우전자,K,0,0,
263540,샘코,K,0,0,
263050,유틸렉스,K,0,0,
263020,디케이앤디,K,0,0,
260930,씨티케이코스메틱스,K,0,0,
260660,알리코제약,K,0,0,
259630,엠플러스,K,0,0,
258830,세종메디칼,K,0,0,
258610,이더블유케이,K,0,0,
257370,명성티엔에스,K,0,0,
256940,케이피에스,K,0,0,
256840,한국비엔씨,K,0,0,
256630,포인트엔지니어링,K,0,0,
256150,한독크린텍,K,0,0,
255440,야스,K,0,0,
255220,SG,K,0,0,
254120,자비스,K,0,0,
253840,수젠텍,K,0,0,
253590,네오셈,K,0,0,
253450,스튜디오드래곤,K,0,0,
252500,세화피앤씨,K,0,0,
251970,펌텍코리아,K,0,0,
251630,브이원텍,K,0,0,
251370,와이엠티,K,0,0,
251270,넷마블,Y,0,0,
250930,예선테크,K,0,0,
250060,모비스,K,0,0,
250000,보라티알,K,0,0,
249420,일동제약,Y,0,0,
248170,샘표식품,Y,0,0,
247540,에코프로비엠,K,0,0,
246960,이노테라피,K,0,0,
246720,아스타,K,0,0,
246710,티앤알바이오팹,K,0,0,
246690,TS인베스트먼트,K,0,0,
245620,EDGC,K,0,0,
244460,올리패스,K,0,0,
243840,신흥에스이씨,K,0,0,
243070,휴온스,K,0,0,
242040,나무기술,K,0,0,
241840,에이스토리,K,0,0,
241820,피씨엘,K,0,0,
241790,오션브릿지,K,0,0,
241770,메카로,K,0,0,
241710,코스메카코리아,K,0,0,
241690,유니테크노,K,0,0,
241590,화승엔터프라이즈,Y,0,0,
241560,두산밥캣,Y,0,0,
241520,DSC인베스트먼트,K,0,0,
240810,원익IPS,K,0,0,
239610,에이치엘사이언스,K,0,0,
239340,줌인터넷,K,0,0,
238490,힘스,K,0,0,
238200,비피도,K,0,0,
238120,로고스바이오,K,0,0,
238090,앤디포스,K,0,0,
237880,클리오,K,0,0,
237750,피앤씨테크,K,0,0,
237690,에스티팜,K,0,0,
236200,슈프리마,K,0,0,
235980,메드팩토,K,0,0,
234920,자이글,K,0,0,
234690,녹십자웰빙,K,0,0,
234340,세틀뱅크,K,0,0,
234300,에스트래픽,K,0,0,
234100,세원,K,0,0,
234080,JW생명과학,Y,0,0,
232140,와이아이케이,K,0,0,
230980,솔트웍스,K,0,0,
230360,에코마케팅,K,0,0,
230240,에치에프알,K,0,0,
229640,LS전선아시아,Y,0,0,
228850,레이언스,K,0,0,
228760,지노믹트리,K,0,0,
228670,레이,K,0,0,
228340,동양파일,K,0,0,
227950,마이크로텍,K,0,0,
227840,현대코퍼레이션홀딩스,Y,0,0,
227610,아우딘퓨쳐스,K,0,0,
227100,디자인,K,0,0,
226950,올릭스,K,0,0,
226440,한송네오텍,K,0,0,
226400,오스테오닉,K,0,0,
226360,이엑스티,K,0,0,
226350,아이엠텍,K,0,0,
226340,본느,K,0,0,
226330,신테카바이오,K,0,0,
226320,잇츠한불,Y,0,0,
225590,패션플랫폼,K,0,0,
225570,넷게임즈,K,0,0,
225530,보광산업,K,0,0,
225430,케이엠제약,K,0,0,
225330,씨엠에스에듀,K,0,0,
225190,삼양옵틱스,K,0,0,
224110,에이텍티앤,K,0,0,
224060,코디엠,K,0,0,
223310,이에스브이,K,0,0,
222980,한국맥널티,K,0,0,
222810,한류AI센터,K,0,0,
222800,심텍,K,0,0,
222420,쎄노텍,K,0,0,
222110,팬젠,K,0,0,
222080,씨아이에스,K,0,0,
222040,코스맥스엔비티,K,0,0,
221980,케이디켐,K,0,0,
221840,하이즈항공,K,0,0,
221610,한솔씨앤피,K,0,0,
220630,해마로푸드서비스,K,0,0,
220260,켐트로스,K,0,0,
220180,핸디소프트,K,0,0,
220100,퓨쳐켐,K,0,0,
219750,지티지웰니스,K,0,0,
219550,MP한강,K,0,0,
219420,링크제니시스,K,0,0,
219130,타이거일렉,K,0,0,
218410,RFHIC,K,0,0,
218150,미래생명자원,K,0,0,
217820,엔에스,K,0,0,
217730,강스템바이오텍,K,0,0,
217620,디딤,K,0,0,
217600,켐온,K,0,0,
217500,러셀,K,0,0,
217480,에스디생명공학,K,0,0,
217330,싸이토젠,K,0,0,
217270,넵튠,K,0,0,
217190,제너셈,K,0,0,
216080,제테마,K,0,0,
216050,인크로스,K,0,0,
215790,이노인스트루먼트,K,0,0,
215600,신라젠,K,0,0,
215480,토박스코리아,K,0,0,
215380,우정바이오,K,0,0,
215360,우리산업,K,0,0,
215200,메가스터디교육,K,0,0,
215100,로보로보,K,0,0,
215090,유니맥스글로벌,K,0,0,
215000,골프존,K,0,0,
214870,뉴지랩,K,0,0,
214680,디알텍,K,0,0,
214450,파마리서치프로덕트,K,0,0,
214430,아이쓰리시스템,K,0,0,
214420,토니모리,Y,0,0,
214390,경보제약,Y,0,0,
214370,케어젠,K,0,0,
214330,금호에이치티,Y,0,0,
214320,이노션,Y,0,0,
214310,세미콘라이트,K,0,0,
214270,퓨쳐스트림네트웍스,K,0,0,
214260,라파스,K,0,0,
214180,민앤지,K,0,0,
214150,클래시스,K,0,0,
213500,한솔제지,Y,0,0,
213420,덕산네오룩스,K,0,0,
213090,미래테크놀로지,K,0,0,
212560,네오오토,K,0,0,
211270,AP위성,K,0,0,
210980,SK디앤디,Y,0,0,
210610,소프트캠프,Y,0,0,
210540,디와이파워,Y,0,0,
208860,엔지스테크널러지,K,0,0,
208710,바이오로그디바이스,K,0,0,
208640,썸에이지,K,0,0,
208370,셀바스헬스케어,K,0,0,
208350,지란지교시큐리티,K,0,0,
208340,파멥신,K,0,0,
208140,정다운,K,0,0,
207940,삼성바이오로직스,Y,0,0,
207760,미스터블루,K,0,0,
206650,유바이오로직스,K,0,0,
206640,바디텍메드,K,0,0,
206560,덱스터,K,0,0,
206400,엔터메이트,K,0,0,
205500,액션스퀘어,K,0,0,
205470,휴마시스,K,0,0,
205100,엑셈,K,0,0,
204990,코썬바이오,K,0,0,
204840,지엘팜텍,K,0,0,
204630,화이브라더스코리아,K,0,0,
204620,글로벌텍스프리,K,0,0,
204320,만도,Y,0,0,
204210,모두투어리츠,Y,0,0,
204020,그리티,K,0,0,
203690,프로스테믹스,K,0,0,
203650,드림시큐리티,K,0,0,
203450,유니온커뮤니티,K,0,0,
201490,미투온,K,0,0,
200880,서연이화,Y,0,0,
200780,비씨월드제약,K,0,0,
200710,에이디테크놀로지,K,0,0,
200670,휴메딕스,K,0,0,
200470,하이셈,K,0,0,
200230,텔콘RF제약,K,0,0,
200130,콜마비앤에이치,K,0,0,
198440,고려시멘트,K,0,0,
197210,리드,K,0,0,
197140,디지캡,K,0,0,
196700,웹스,K,0,0,
196490,디에이테크놀로지,K,0,0,
196450,디오스텍,K,0,0,
196300,애니젠,K,0,0,
196170,알테오젠,K,0,0,
195990,에이비프로바이오,K,0,0,
195870,해성디에스,Y,0,0,
195500,마니커에프앤지,K,0,0,
195440,퓨전,K,0,0,
194700,노바렉스,K,0,0,
194510,파티게임즈,K,0,0,
194480,데브시스터즈,K,0,0,
194370,제이에스코퍼레이션,Y,0,0,
193250,와이제이엠게임즈,K,0,0,
192820,코스맥스,Y,0,0,
192650,드림텍,Y,0,0,
192440,슈피겐코리아,K,0,0,
192410,감마누,K,0,0,
192400,쿠쿠홀딩스,Y,0,0,
192390,윈하이텍,K,0,0,
192250,케이사인,K,0,0,
191420,테고사이언스,K,0,0,
191410,육일씨엔에쓰,K,0,0,
190650,코리아에셋투자증권,K,0,0,
190510,나무가,K,0,0,
189980,흥국에프엔비,K,0,0,
189860,서전기전,K,0,0,
189690,포시에스,K,0,0,
189300,인텔리안테크,K,0,0,
187870,디바이스이엔지,K,0,0,
187790,나노,K,0,0,
187420,제노포커스,K,0,0,
187270,신화콘텍,K,0,0,
187220,디티앤씨,K,0,0,
186230,그린플러스,K,0,0,
185750,종근당,Y,0,0,
185490,아이진,K,0,0,
184230,SGA솔루션즈,K,0,0,
183490,엔지켐생명과학,K,0,0,
183300,코미코,K,0,0,
183190,아세아시멘트,Y,0,0,
182690,테라셈,K,0,0,
182400,엔케이맥스,K,0,0,
182360,큐브엔터,K,0,0,
181710,엔에이치엔,Y,0,0,
181340,이즈미디어,K,0,0,
180640,한진칼,Y,0,0,
180400,캔서롭,K,0,0,
179900,유티아이,K,0,0,
179290,엠아이텍,K,0,0,
178920,SKC코오롱PI,K,0,0,
178780,유테크,K,0,0,
178320,서진시스템,K,0,0,
177830,파버나인,K,0,0,
177350,베셀,K,0,0,
176440,에이치엔티,K,0,0,
175330,JB금융지주,Y,0,0,
175250,아이큐어,K,0,0,
175140,인포마크,K,0,0,
174900,앱클론,K,0,0,
174880,장원테크,K,0,0,
173940,에프엔씨엔터,K,0,0,
173130,오파스넷,K,0,0,
171120,라이온켐텍,K,0,0,
171090,선익시스템,K,0,0,
171010,램테크놀러지,K,0,0,
170920,엘티씨,K,0,0,
170900,동아에스티,Y,0,0,
170790,파이오링크,K,0,0,
170030,현대공업,K,0,0,
168330,내츄럴엔도텍,K,0,0,
166480,코아스템,K,0,0,
166090,하나머티리얼즈,K,0,0,
163560,동일고무벨트,Y,0,0,
161890,한국콜마,Y,0,0,
161580,필옵틱스,K,0,0,
161570,THE MIDONG,K,0,0,
161390,한국타이어앤테크놀로지,Y,0,0,
161000,애경유화,Y,0,0,
160980,싸이맥스,K,0,0,
160600,에스엔텍비엠,K,0,0,
160550,NEW,K,0,0,
159910,스킨앤스킨,K,0,0,
159580,제로투세븐,K,0,0,
158430,아톤,K,0,0,
158310,스타모빌리티,K,0,0,
156100,엘앤케이바이오,K,0,0,
155660,DSR,Y,0,0,
155650,와이엠씨,K,0,0,
154040,솔루에타,K,0,0,
154030,아시아종묘,K,0,0,
153710,옵티팜,K,0,0,
153490,우리이앤엘,K,0,0,
153460,네이블커뮤니케이션즈,K,0,0,
152330,코리아오토글라스,Y,0,0,
151910,나노스,K,0,0,
151860,KG ETS,K,0,0,
150900,파수닷컴,K,0,0,
150840,인트로메딕,K,0,0,
149980,하이로닉,K,0,0,
149950,아바텍,K,0,0,
149940,모다,K,0,0,
148250,알엔투테크놀로지,K,0,0,
148150,세경하이테크,K,0,0,
148140,비디아이,K,0,0,
147830,제룡산업,K,0,0,
147760,마이크로프랜드,K,0,0,
145990,삼양사,Y,0,0,
145720,덴티움,Y,0,0,
145270,케이탑리츠,Y,0,0,
145210,세화아이엠씨,Y,0,0,
145020,휴젤,K,0,0,
144960,뉴파워프라즈마,K,0,0,
144620,코오롱머티리얼,Y,0,0,
144510,녹십자랩셀,K,0,0,
143540,영우디에스피,K,0,0,
143240,사람인에이치알,K,0,0,
143210,핸즈코퍼레이션,Y,0,0,
143160,아이디스,K,0,0,
142760,바이오리더스,K,0,0,
142280,녹십자엠에스,K,0,0,
142210,유니트론텍,K,0,0,
141080,레고켐바이오,K,0,0,
141070,맥스로텍,K,0,0,
141020,포티스,K,0,0,
141000,비아트론,K,0,0,
140910,에이리츠,Y,0,0,
140860,파크시스템스,K,0,0,
140670,알에스오토메이션,K,0,0,
140520,대창스틸,K,0,0,
140410,메지온,K,0,0,
140070,서플러스글로벌,K,0,0,
139670,키네마스터,K,0,0,
139480,이마트,Y,0,0,
139130,DGB금융지주,Y,0,0,
139050,데일리블록체인,K,0,0,
138930,BNK금융지주,Y,0,0,
138690,엘아이에스,K,0,0,
138610,나이벡,K,0,0,
138580,비즈니스온,K,0,0,
138490,코오롱플라스틱,Y,0,0,
138360,에이씨티,K,0,0,
138250,엔에스쇼핑,Y,0,0,
138080,오이솔루션,K,0,0,
138070,신진에스엠,K,0,0,
138040,메리츠금융지주,Y,0,0,
137950,제이씨케미칼,K,0,0,
137940,넥스트아이,K,0,0,
137400,피엔티,K,0,0,
136540,윈스,K,0,0,
136510,쎄미시스코,K,0,0,
136490,선진,Y,0,0,
136480,하림,K,0,0,
134790,시디즈,Y,0,0,
134780,화진,K,0,0,
134580,디엠티,K,0,0,
134380,미원화학,Y,0,0,
134060,이퓨쳐,K,0,0,
133820,화인베스틸,Y,0,0,
133750,메가엠디,K,0,0,
131970,테스나,K,0,0,
131760,파인텍,K,0,0,
131400,액트,K,0,0,
131390,피앤이솔루션,K,0,0,
131370,알서포트,K,0,0,
131290,티에스이,K,0,0,
131220,대한과학,K,0,0,
131180,딜리,K,0,0,
131100,알이피,K,0,0,
131090,시큐브,K,0,0,
131030,디에이치피코리아,K,0,0,
130740,티피씨글로벌,K,0,0,
130660,한전산업,Y,0,0,
130580,나이스디앤비,K,0,0,
130500,GH신소재,K,0,0,
129260,인터지스,Y,0,0,
128940,한미약품,Y,0,0,
128820,대성산업,Y,0,0,
128660,피제이메탈,K,0,0,
128540,에코캡,K,0,0,
127710,아시아경제,K,0,0,
127160,매직마이크로,K,0,0,
127120,디엔에이링크,K,0,0,
126880,제이엔케이히터,K,0,0,
126870,뉴로스,K,0,0,
126700,하이비젼시스템,K,0,0,
126640,화신정공,K,0,0,
126600,코프라,K,0,0,
126560,현대에이치씨엔,Y,0,0,
125210,아모그린텍,K,0,0,
124560,태웅로직스,K,0,0,
124500,아이티센,K,0,0,
123890,한국자산신탁,Y,0,0,
123860,아나패스,K,0,0,
123840,한일진공,K,0,0,
123750,알톤스포츠,K,0,0,
123700,에스제이엠,Y,0,0,
123690,한국화장품,Y,0,0,
123570,이엠넷,K,0,0,
123420,선데이토즈,K,0,0,
123410,코리아에프티,K,0,0,
123330,제닉,K,0,0,
123260,파인넥스,K,0,0,
123040,엠에스오토텍,K,0,0,
123010,아이에이네트웍스,K,0,0,
122990,와이솔,K,0,0,
122900,아이마켓코리아,Y,0,0,
122870,와이지엔터테인먼트,K,0,0,
122800,썬텍,K,0,0,
122690,서진오토모티브,K,0,0,
122640,예스티,K,0,0,
122450,KMH,K,0,0,
122350,삼기오토모티브,K,0,0,
122310,제노레이,K,0,0,
122050,아이엘사이언스,Y,0,0,
121890,에스디시스템,K,0,0,
121850,코이즈,K,0,0,
121800,비덴트,K,0,0,
121600,나노신소재,K,0,0,
121440,골프존뉴딘홀딩스,K,0,0,
120240,대정화금,K,0,0,
120110,코오롱인더,Y,0,0,
120030,조선선재,Y,0,0,
119860,다나와,K,0,0,
119850,지엔씨에너지,K,0,0,
119830,아이텍,K,0,0,
119650,KC코트렐,Y,0,0,
119610,인터로조,K,0,0,
119500,포메탈,K,0,0,
118990,모트렉스,K,0,0,
118000,우리들휴브레인,Y,0,0,
117730,티로보틱스,K,0,0,
117670,알파홀딩스,K,0,0,
117580,대성에너지,Y,0,0,
115960,연우,K,0,0,
115610,이미지스,K,0,0,
115570,스타플렉스,K,0,0,
115530,씨엔플러스,K,0,0,
115500,케이씨에스,K,0,0,
115480,씨유메디칼,K,0,0,
115450,지트리비앤티,K,0,0,
115440,우리넷,K,0,0,
115390,락앤락,Y,0,0,
115310,인포바인,K,0,0,
115180,큐리언트,K,0,0,
115160,휴맥스,K,0,0,
114810,아이원스,K,0,0,
114630,우노앤컴퍼니,K,0,0,
114570,지스마트글로벌,K,0,0,
114450,KPX생명과학,K,0,0,
114190,웰크론강원,K,0,0,
114120,크루셜텍,K,0,0,
114090,GKL,Y,0,0,
113810,디젠스,K,0,0,
112610,씨에스윈드,Y,0,0,
112240,에스에프씨,K,0,0,
112040,위메이드,K,0,0,
111870,삼본전자,K,0,0,
111820,지와이커머스,K,0,0,
111770,영원무역,Y,0,0,
111710,남화산업,K,0,0,
111110,호전실업,Y,0,0,
110990,디아이티,K,0,0,
110790,크리스에프앤씨,K,0,0,
110020,전진바이오팜,K,0,0,
109960,에이프로젠 H&G,K,0,0,
109860,동일금속,K,0,0,
109820,진매트릭스,K,0,0,
109740,디에스케이,K,0,0,
109610,에스와이,K,0,0,
109080,옵티시스,K,0,0,
109070,컨버즈,Y,0,0,
108860,셀바스AI,K,0,0,
108790,인터파크,K,0,0,
108670,LG하우시스,Y,0,0,
108490,로보티즈,K,0,0,
108380,대양전기공업,K,0,0,
108320,실리콘웍스,K,0,0,
108230,톱텍,K,0,0,
107590,미원홀딩스,Y,0,0,
106520,디지탈옵틱,K,0,0,
106240,파인테크닉스,K,0,0,
106190,하이텍팜,K,0,0,
106080,하이소닉,K,0,0,
105840,우진,Y,0,0,
105740,디케이락,K,0,0,
105630,한세실업,Y,0,0,
105560,KB금융,Y,0,0,
105550,트루윈,K,0,0,
105330,케이엔더블유,K,0,0,
104830,원익머트리얼즈,K,0,0,
104700,한국철강,Y,0,0,
104620,노랑풍선,K,0,0,
104540,코렌텍,K,0,0,
104480,티케이케미칼,K,0,0,
104460,동양피엔에프,K,0,0,
104200,NHN벅스,K,0,0,
104040,대성파인텍,K,0,0,
103840,우양,K,0,0,
103590,일진전기,Y,0,0,
103230,에스앤더블류,K,0,0,
103140,풍산,Y,0,0,
103130,웅진에너지,Y,0,0,
102940,코오롱생명과학,K,0,0,
102710,이엔에프테크놀로지,K,0,0,
102460,이연제약,Y,0,0,
102280,쌍방울,Y,0,0,
102260,동성코퍼레이션,Y,0,0,
102210,해덕파워웨이,K,0,0,
102120,어보브반도체,K,0,0,
101930,인화정공,K,0,0,
101730,조이맥스,K,0,0,
101680,한국정밀기계,K,0,0,
101670,코리아에스이,K,0,0,
101530,해태제과식품,Y,0,0,
101490,에스앤에스텍,K,0,0,
101400,엔시트론,K,0,0,
101390,아이엠,K,0,0,
101330,모베이스,K,0,0,
101240,씨큐브,K,0,0,
101170,우림기계,K,0,0,
101160,월덱스,K,0,0,
101140,비티원,Y,0,0,
101060,SBS미디어홀딩스,Y,0,0,
101000,상상인인더스트리,K,0,0,
100840,S&TC,Y,0,0,
100790,미래에셋벤처투자,K,0,0,
100700,세운메디칼,K,0,0,
100660,서암기계공업,K,0,0,
100590,머큐리,K,0,0,
100250,진양홀딩스,Y,0,0,
100220,비상교육,Y,0,0,
100130,동국S&C,K,0,0,
100120,뷰웍스,K,0,0,
100090,삼강엠앤티,K,0,0,
100030,모바일리더,K,0,0,
099750,이지케어텍,K,0,0,
099520,ITX엠투엠,K,0,0,
099440,스맥,K,0,0,
099410,동방선기,K,0,0,
099320,쎄트렉아이,K,0,0,
099220,SDN,K,0,0,
099190,아이센스,K,0,0,
098660,에스티오,K,0,0,
098460,고영,K,0,0,
098120,마이크로컨텍솔,K,0,0,
097950,CJ제일제당,Y,0,0,
097870,효성오앤비,K,0,0,
097800,윈팩,K,0,0,
097780,에스맥,K,0,0,
097520,엠씨넥스,K,0,0,
097230,한진중공업,Y,0,0,
096870,엘디티,K,0,0,
096770,SK이노베이션,Y,0,0,
096760,JW홀딩스,Y,0,0,
096690,제이스테판,K,0,0,
096640,멜파스,K,0,0,
096630,에스코넥,K,0,0,
096610,알에프세미,K,0,0,
096530,씨젠,K,0,0,
096350,대창솔루션,K,0,0,
096240,청담러닝,K,0,0,
096040,이트론,K,0,0,
095910,에스에너지,K,0,0,
095720,웅진씽크빅,Y,0,0,
095700,제넥신,K,0,0,
095660,네오위즈,K,0,0,
095610,테스,K,0,0,
095570,AJ네트웍스,Y,0,0,
095500,미래나노텍,K,0,0,
095340,ISC,K,0,0,
095270,웨이브일렉트로,K,0,0,
095190,이엠코리아,K,0,0,
094970,제이엠티,K,0,0,
094940,푸른기술,K,0,0,
094860,코닉글로리,K,0,0,
094850,참좋은여행,K,0,0,
094840,슈프리마에이치큐,K,0,0,
094820,일진파워,K,0,0,
094480,갤럭시아컴즈,K,0,0,
094360,칩스앤미디어,K,0,0,
094280,효성 ITX,Y,0,0,
094190,이엘케이,K,0,0,
094170,동운아나텍,K,0,0,
093920,서원인텍,K,0,0,
093640,다믈멀티미디어,K,0,0,
093520,매커스,K,0,0,
093380,풍강,K,0,0,
093370,후성,Y,0,0,
093320,케이아이엔엑스,K,0,0,
093240,형지엘리트,Y,0,0,
093230,이아이디,Y,0,0,
093190,빅솔론,K,0,0,
093050,LF,Y,0,0,
092870,엑시콘,K,0,0,
092780,동양피스톤,Y,0,0,
092730,네오팜,K,0,0,
092600,앤씨앤,K,0,0,
092460,한라IMS,K,0,0,
092440,기신정기,Y,0,0,
092300,현우산업,K,0,0,
092230,KPX홀딩스,Y,0,0,
092220,KEC,Y,0,0,
092200,디아이씨,Y,0,0,
092130,이크레더블,K,0,0,
092070,디엔에프,K,0,0,
092040,아미코젠,K,0,0,
091990,셀트리온헬스케어,K,0,0,
091970,나노캠텍,K,0,0,
091810,티웨이항공,Y,0,0,
091700,파트론,K,0,0,
091590,남화토건,K,0,0,
091580,상신이디피,K,0,0,
091440,텔레필드,K,0,0,
091340,S&K폴리텍,K,0,0,
091120,이엠텍,K,0,0,
091090,세원셀론텍,Y,0,0,
090850,이지웰페어,K,0,0,
090740,연이정보통신,K,0,0,
090710,휴림로봇,K,0,0,
090470,제이스텍,K,0,0,
090460,비에이치,K,0,0,
090430,아모레퍼시픽,Y,0,0,
090410,덕신하우징,K,0,0,
090370,메타랩스,Y,0,0,
090360,로보스타,K,0,0,
090350,노루페인트,Y,0,0,
090150,광진윈텍,K,0,0,
090080,평화산업,Y,0,0,
089980,상아프론테크,K,0,0,
089970,에이피티씨,K,0,0,
089890,코세스,K,0,0,
089850,유비벨록스,K,0,0,
089790,제이티,K,0,0,
089600,나스미디어,K,0,0,
089590,제주항공,Y,0,0,
089530,에이티세미콘,K,0,0,
089470,HDC현대EP,Y,0,0,
089230,THE E&M,K,0,0,
089150,케이씨티,K,0,0,
089140,넥스턴,K,0,0,
089030,테크윙,K,0,0,
089010,켐트로닉스,K,0,0,
088910,동우팜투테이블,K,0,0,
088800,에이스테크,K,0,0,
088790,진도,Y,0,0,
088390,이녹스,K,0,0,
088350,한화생명,Y,0,0,
088290,이원컴포텍,K,0,0,
088260,이리츠코크렙,Y,0,0,
088130,동아엘텍,K,0,0,
087730,에스모 머티리얼즈,K,0,0,
087600,픽셀플러스,K,0,0,
087260,모바일어플라이언스,K,0,0,
087010,펩트론,K,0,0,
086980,쇼박스,K,0,0,
086960,한컴MDS,K,0,0,
086900,메디톡스,K,0,0,
086890,이수앱지스,K,0,0,
086820,바이오솔루션,K,0,0,
086790,하나금융지주,Y,0,0,
086670,비엠티,K,0,0,
086520,에코프로,K,0,0,
086450,동국제약,K,0,0,
086390,유니테스트,K,0,0,
086280,현대글로비스,Y,0,0,
086250,화신테크,K,0,0,
086060,진바이오텍,K,0,0,
086040,바이오톡스텍,K,0,0,
085910,네오티스,K,0,0,
085810,알티캐스트,K,0,0,
085670,뉴프렉스,K,0,0,
085660,차바이오텍,K,0,0,
085620,미래에셋생명,Y,0,0,
085370,루트로닉,K,0,0,
085310,엔케이,Y,0,0,
084990,헬릭스미스,K,0,0,
084870,티비에이치글로벌,Y,0,0,
084850,아이티엠반도체,K,0,0,
084730,팅크웨어,K,0,0,
084690,대상홀딩스,Y,0,0,
084680,이월드,Y,0,0,
084670,동양고속,Y,0,0,
084650,랩지노믹스,K,0,0,
084370,유진테크,K,0,0,
084180,수성,K,0,0,
084110,휴온스글로벌,K,0,0,
084010,대한제강,Y,0,0,
083930,아바코,K,0,0,
083790,크리스탈,K,0,0,
083660,CSA 코스믹,K,0,0,
083650,비에이치아이,K,0,0,
083640,인콘,K,0,0,
083550,케이엠,K,0,0,
083500,에프엔에스테크,K,0,0,
083470,KJ프리텍,K,0,0,
083450,GST,K,0,0,
083420,그린케미칼,Y,0,0,
083310,엘오티베큠,K,0,0,
082920,비츠로셀,K,0,0,
082850,우리바이오,K,0,0,
082800,루미마이크로,K,0,0,
082740,HSD엔진,Y,0,0,
082660,나인컴플렉스,K,0,0,
082640,동양생명,Y,0,0,
082270,젬백스,K,0,0,
082210,옵트론텍,K,0,0,
081660,휠라코리아,Y,0,0,
081580,성우전자,K,0,0,
081150,티플랙스,K,0,0,
081000,일진다이아,Y,0,0,
080720,한국유니온제약,K,0,0,
080580,오킨스전자,K,0,0,
080530,코디,K,0,0,
080520,오디텍,K,0,0,
080470,성창오토텍,K,0,0,
080440,에스제이케이,K,0,0,
080420,모다이노칩,K,0,0,
080220,제주반도체,K,0,0,
080160,모두투어,K,0,0,
080010,이상네트웍스,K,0,0,
080000,에스엔유,K,0,0,
079980,휴비스,Y,0,0,
079970,투비소프트,K,0,0,
079960,동양이엔피,K,0,0,
079950,인베니아,K,0,0,
079940,가비아,K,0,0,
079810,디이엔티,K,0,0,
079650,서산,K,0,0,
079550,LIG넥스원,Y,0,0,
079440,오렌지라이프,Y,0,0,
079430,현대리바트,Y,0,0,
079370,제우스,K,0,0,
079190,EMW,K,0,0,
079170,한창산업,K,0,0,
079160,CJ CGV,Y,0,0,
079000,와토스코리아,K,0,0,
078940,코드네이처,K,0,0,
078930,GS,Y,0,0,
078890,가온미디어,K,0,0,
078860,아이오케이,K,0,0,
078650,코렌,K,0,0,
078600,대주전자재료,K,0,0,
078590,두올산업,K,0,0,
078350,한양디지텍,K,0,0,
078340,컴투스,K,0,0,
078160,메디포스트,K,0,0,
078150,HB테크놀러지,K,0,0,
078140,대봉엘에스,K,0,0,
078130,국일제지,K,0,0,
078070,유비쿼스홀딩스,K,0,0,
078020,이베스트투자증권,K,0,0,
078000,텔코웨어,Y,0,0,
077970,STX엔진,Y,0,0,
077500,유니퀘스트,Y,0,0,
077360,덕산하이메탈,K,0,0,
077280,한컴지엠디,K,0,0,
076610,해성옵틱스,K,0,0,
076080,웰크론한텍,K,0,0,
075970,동국알앤에스,K,0,0,
075580,세진중공업,Y,0,0,
075180,새론오토모티브,Y,0,0,
075130,플랜티넷,K,0,0,
074610,나노메딕스,Y,0,0,
074600,원익QnC,K,0,0,
074430,아미노로직스,K,0,0,
073640,삼원테크,K,0,0,
073570,WI,K,0,0,
073560,우리손에프앤지,K,0,0,
073540,에프알텍,K,0,0,
073490,이노와이어리스,K,0,0,
073240,금호타이어,Y,0,0,
073190,듀오백,K,0,0,
073110,엘엠에스,K,0,0,
073070,에스모,K,0,0,
073010,케이에스피,K,0,0,
072990,에이치시티,K,0,0,
072950,빛샘전자,K,0,0,
072870,메가스터디,K,0,0,
072770,율호,K,0,0,
072710,농심홀딩스,Y,0,0,
072520,제넨바이오,K,0,0,
072470,우리산업홀딩스,K,0,0,
072130,유엔젤,Y,0,0,
072020,중앙백신,K,0,0,
071970,STX중공업,Y,0,0,
071950,코아스,Y,0,0,
071850,캐스텍코리아,K,0,0,
071840,롯데하이마트,Y,0,0,
071670,에이테크솔루션,K,0,0,
071460,위니아딤채,K,0,0,
071320,지역난방공사,Y,0,0,
071280,로체시스템즈,K,0,0,
071200,인피니트헬스케어,K,0,0,
071090,하이스틸,Y,0,0,
071050,한국금융지주,Y,0,0,
070960,용평리조트,Y,0,0,
070590,한솔인티큐브,K,0,0,
070300,한솔시큐어,K,0,0,
069960,현대백화점,Y,0,0,
069920,아이에스이커머스,K,0,0,
069730,DSR제강,Y,0,0,
069640,한세엠케이,Y,0,0,
069620,대웅제약,Y,0,0,
069540,라이트론,K,0,0,
069510,에스텍,K,0,0,
069460,대호에이엘,Y,0,0,
069410,엔텔스,K,0,0,
069330,유아이디,K,0,0,
069260,휴켐스,Y,0,0,
069140,누리플랜,K,0,0,
069110,코스온,K,0,0,
069080,웹젠,K,0,0,
068940,아이씨케이,K,0,0,
068930,디지털대성,K,0,0,
068790,DMS,K,0,0,
068760,셀트리온제약,K,0,0,
068400,AJ렌터카,Y,0,0,
068330,일신바이오,K,0,0,
068290,삼성출판사,Y,0,0,
068240,다원시스,K,0,0,
068050,팬엔터테인먼트,K,0,0,
067990,도이치모터스,K,0,0,
067920,이글루시큐리티,K,0,0,
067900,와이엔텍,K,0,0,
067830,세이브존I&C,Y,0,0,
067770,세진티에스,K,0,0,
067730,로지시스,K,0,0,
067630,에이치엘비생명과학,K,0,0,
067570,엔브이에이치코리아,K,0,0,
067390,아스트,K,0,0,
067310,하나마이크론,K,0,0,
067290,JW신약,K,0,0,
067280,멀티캠퍼스,K,0,0,
067170,오텍,K,0,0,
067160,아프리카TV,K,0,0,
067080,대화제약,K,0,0,
067010,이씨에스,K,0,0,
067000,조이시티,K,0,0,
066980,브레인콘텐츠,K,0,0,
066970,엘앤에프,K,0,0,
066910,손오공,K,0,0,
066900,디에이피,K,0,0,
066790,씨씨에스,K,0,0,
066700,테라젠이텍스,K,0,0,
066670,디스플레이텍,K,0,0,
066620,국보디자인,K,0,0,
066590,우수AMS,K,0,0,
066570,LG전자,Y,0,0,
066430,와이오엠,K,0,0,
066410,버킷스튜디오,K,0,0,
066360,체리부로,K,0,0,
066310,큐에스아이,K,0,0,
066130,하츠,K,0,0,
066110,한프,K,0,0,
065950,웰크론,K,0,0,
065940,바이오빌,K,0,0,
065770,CS,K,0,0,
065710,서호전기,K,0,0,
065690,파커스,K,0,0,
065680,우주일렉트로,K,0,0,
065660,안트로젠,K,0,0,
065650,메디프론,K,0,0,
065620,제낙스,K,0,0,
065570,삼영이엔씨,K,0,0,
065560,녹원씨엔아이,K,0,0,
065530,전파기지국,K,0,0,
065510,휴비츠,K,0,0,
065500,오리엔트정공,K,0,0,
065450,빅텍,K,0,0,
065440,이루온,K,0,0,
065420,에스아이리소스,K,0,0,
065350,신성델타테크,K,0,0,
065170,넥스트BT,K,0,0,
065150,MP그룹,K,0,0,
065130,탑엔지니어링,K,0,0,
065060,지엔코,K,0,0,
064960,S&T모티브,Y,0,0,
064820,케이프,K,0,0,
064800,필링크,K,0,0,
064760,티씨케이,K,0,0,
064550,바이오니아,K,0,0,
064520,바른전자,K,0,0,
064510,에코마이스터,K,0,0,
064480,브리지텍,K,0,0,
064350,현대로템,Y,0,0,
064290,인텍플러스,K,0,0,
064260,다날,K,0,0,
064240,홈캐스트,K,0,0,
064090,에프앤리퍼블릭,K,0,0,
063760,이엘피,K,0,0,
063570,한국전자금융,K,0,0,
063440,SM Life Design,K,0,0,
063170,서울옥션,K,0,0,
063160,종근당바이오,Y,0,0,
063080,게임빌,K,0,0,
062860,티엘아이,K,0,0,
061970,엘비세미콘,K,0,0,
061250,화일약품,K,0,0,
061040,알에프텍,K,0,0,
060980,한라홀딩스,Y,0,0,
060900,케이알피앤이,K,0,0,
060720,KH바텍,K,0,0,
060590,씨티씨바이오,K,0,0,
060570,드림어스컴퍼니,K,0,0,
060560,홈센타홀딩스,K,0,0,
060540,에스에이티,K,0,0,
060480,국일신동,K,0,0,
060380,동양에스텍,K,0,0,
060370,KT서브마린,K,0,0,
060310,3S,K,0,0,
060300,레드로버,K,0,0,
060280,큐렉소,K,0,0,
060260,뉴보텍,K,0,0,
060250,NHN한국사이버결제,K,0,0,
060240,룽투코리아,K,0,0,
060230,이그잭스,K,0,0,
060150,인선이엔티,K,0,0,
059210,메타바이오메드,K,0,0,
059120,아진엑스텍,K,0,0,
059100,아이컴포넌트,K,0,0,
059090,미코,K,0,0,
058860,KTis,Y,0,0,
058850,KTcs,Y,0,0,
058820,CMG제약,K,0,0,
058730,다스코,Y,0,0,
058650,세아홀딩스,Y,0,0,
058630,엠게임,K,0,0,
058610,에스피지,K,0,0,
058530,슈펙스비앤피,K,0,0,
058470,리노공업,K,0,0,
058450,일야,K,0,0,
058430,포스코강판,Y,0,0,
058420,제이웨이,K,0,0,
058400,KNN,K,0,0,
058220,아리온,K,0,0,
058110,멕아이씨에스,K,0,0,
057880,필로시스헬스케어,K,0,0,
057680,옴니텔,K,0,0,
057540,옴니시스템,K,0,0,
057500,SKC 솔믹스,K,0,0,
057050,현대홈쇼핑,Y,0,0,
057030,YBM넷,K,0,0,
056730,포스링크,K,0,0,
056700,신화인터텍,K,0,0,
056360,코위버,K,0,0,
056190,에스에프에이,K,0,0,
056090,유앤아이,K,0,0,
056080,유진로봇,K,0,0,
056000,신스타임즈,K,0,0,
055550,신한지주,Y,0,0,
055490,테이팩스,Y,0,0,
054950,제이브이엠,K,0,0,
054940,엑사이엔씨,K,0,0,
054930,유신,K,0,0,
054920,한컴위드,K,0,0,
054800,아이디스홀딩스,K,0,0,
054780,키이스트,K,0,0,
054670,대한뉴팜,K,0,0,
054630,에이디칩스,K,0,0,
054620,APS홀딩스,K,0,0,
054540,삼영엠텍,K,0,0,
054450,텔레칩스,K,0,0,
054410,케이피티유,K,0,0,
054340,피앤텔,K,0,0,
054300,팬스타엔터프라이즈,K,0,0,
054220,비츠로시스,K,0,0,
054210,이랜텍,K,0,0,
054180,중앙오션,K,0,0,
054090,삼진엘앤디,K,0,0,
054050,농우바이오,K,0,0,
054040,한국컴퓨터,K,0,0,
053980,오상자이엘,K,0,0,
053950,경남제약,K,0,0,
053800,안랩,K,0,0,
053700,삼보모터스,K,0,0,
053690,한미글로벌,Y,0,0,
053660,현진소재,K,0,0,
053620,태양,K,0,0,
053610,프로텍,K,0,0,
053590,한국테크놀로지,K,0,0,
053580,웹케시,K,0,0,
053450,세코닉스,K,0,0,
053350,이니텍,K,0,0,
053300,한국정보인증,K,0,0,
053290,NE능률,K,0,0,
053280,예스24,K,0,0,
053270,구영테크,K,0,0,
053260,금강철강,K,0,0,
053210,케이티스카이라이프,Y,0,0,
053160,프리엠스,K,0,0,
053110,소리바다,K,0,0,
053060,세동,K,0,0,
053050,지에스이,K,0,0,
053030,바이넥스,K,0,0,
052900,KMH하이텍,K,0,0,
052860,아이앤씨,K,0,0,
052790,액토즈소프트,K,0,0,
052770,와이디온라인,K,0,0,
052710,아모텍,K,0,0,
052690,한전기술,Y,0,0,
052670,제일바이오,K,0,0,
052600,한네트,K,0,0,
052460,아이크래프트,K,0,0,
052420,오성첨단소재,K,0,0,
052400,코나아이,K,0,0,
052330,코텍,K,0,0,
052300,W홀딩컴퍼니,K,0,0,
052260,SK바이오랜드,K,0,0,
052220,iMBC,K,0,0,
052190,이에스에이,K,0,0,
052020,에스티큐브,K,0,0,
051980,센트럴바이오,K,0,0,
051910,LG화학,Y,0,0,
051900,LG생활건강,Y,0,0,
051780,큐로홀딩스,K,0,0,
051630,진양화학,Y,0,0,
051600,한전KPS,Y,0,0,
051500,CJ프레시웨이,K,0,0,
051490,나라엠앤디,K,0,0,
051390,YW,K,0,0,
051380,피씨디렉트,K,0,0,
051370,인터플렉스,K,0,0,
051360,토비스,K,0,0,
051160,지어소프트,K,0,0,
050960,수산아이앤티,K,0,0,
050890,쏠리드,K,0,0,
050860,아세아텍,K,0,0,
050760,에스폴리텍,K,0,0,
050540,한국코퍼레이션,K,0,0,
050320,에이앤티앤,K,0,0,
050120,라이브플렉스,K,0,0,
050110,캠시스,K,0,0,
050090,휘닉스소재,K,0,0,
049960,쎌바이오텍,K,0,0,
049950,미래컴퍼니,K,0,0,
049830,승일,K,0,0,
049770,동원F&B,Y,0,0,
049720,고려신용정보,K,0,0,
049630,재영솔루텍,K,0,0,
049550,잉크테크,K,0,0,
049520,유아이엘,K,0,0,
049480,오픈베이스,K,0,0,
049470,SGA,K,0,0,
049430,코메론,K,0,0,
049180,셀루메드,K,0,0,
049120,파인디앤씨,K,0,0,
049080,기가레인,K,0,0,
049070,인탑스,K,0,0,
048910,대원미디어,K,0,0,
048870,시너지이노베이션,K,0,0,
048830,엔피케이,K,0,0,
048770,TPC,K,0,0,
048550,SM C&C,K,0,0,
048530,인트론바이오,K,0,0,
048470,대동스틸,K,0,0,
048430,유라테크,K,0,0,
048410,현대바이오,K,0,0,
048260,오스템임플란트,K,0,0,
047920,씨트리,K,0,0,
047820,초록뱀,K,0,0,
047810,한국항공우주,Y,0,0,
047770,코데즈컴바인,K,0,0,
047560,이스트소프트,K,0,0,
047400,유니온머티리얼,Y,0,0,
047310,파워로직스,K,0,0,
047080,한빛소프트,K,0,0,
047050,포스코인터내셔널,Y,0,0,
047040,대우건설,Y,0,0,
046970,우리로,K,0,0,
046940,우원개발,K,0,0,
046890,서울반도체,K,0,0,
046440,KG모빌리언스,K,0,0,
046390,삼화네트웍스,K,0,0,
046310,백금T&A,K,0,0,
046210,파나진,K,0,0,
046140,SBS콘텐츠허브,K,0,0,
046120,오르비텍,K,0,0,
046110,한일네트웍스,K,0,0,
046070,코다코,K,0,0,
045970,코아시아,K,0,0,
045890,GV,K,0,0,
045660,에이텍,K,0,0,
045520,크린앤사이언스,K,0,0,
045510,정원엔시스,K,0,0,
045390,대아티아이,K,0,0,
045340,토탈소프트,K,0,0,
045300,성우테크론,K,0,0,
045100,한양이엔지,K,0,0,
045060,오공,K,0,0,
044960,이글벳,K,0,0,
044780,에이치케이,K,0,0,
044490,태웅,K,0,0,
044480,바이오제네틱스,K,0,0,
044450,KSS해운,Y,0,0,
044380,주연테크,Y,0,0,
044340,위닉스,K,0,0,
044180,KD,K,0,0,
044060,조광ILI,K,0,0,
043910,자연과환경,K,0,0,
043710,서울리거,K,0,0,
043650,국순당,K,0,0,
043610,지니뮤직,K,0,0,
043590,크로바하이텍,K,0,0,
043370,평화정공,K,0,0,
043360,디지아이,K,0,0,
043340,에쎈테크,K,0,0,
043290,케이맥,K,0,0,
043260,성호전자,K,0,0,
043220,에이치엘비파워,K,0,0,
043200,파루,K,0,0,
043150,바텍,K,0,0,
043100,솔고바이오,K,0,0,
043090,큐브앤컴퍼니,K,0,0,
042940,상지카일룸,K,0,0,
042700,한미반도체,Y,0,0,
042670,두산인프라코어,Y,0,0,
042660,대우조선해양,Y,0,0,
042600,새로닉스,K,0,0,
042520,한스바이오메드,K,0,0,
042510,라온시큐어,K,0,0,
042500,링네트,K,0,0,
042420,네오위즈홀딩스,K,0,0,
042370,비츠로테크,K,0,0,
042110,에스씨디,K,0,0,
042040,케이피엠테크,K,0,0,
042000,카페24,K,0,0,
041960,코미팜,K,0,0,
041930,동아화성,K,0,0,
041920,메디아나,K,0,0,
041910,에스텍파마,K,0,0,
041830,인바디,K,0,0,
041590,젬백스지오,K,0,0,
041520,이라이콤,K,0,0,
041510,에스엠,K,0,0,
041460,한국전자인증,K,0,0,
041440,에버다임,K,0,0,
041190,우리기술투자,K,0,0,
041140,넥슨지티,K,0,0,
041020,인프라웨어,K,0,0,
040910,아이씨디,K,0,0,
040610,SG&G,K,0,0,
040420,정상제이엘에스,K,0,0,
040350,큐로컴,K,0,0,
040300,YTN,K,0,0,
040160,누리텔레콤,K,0,0,
039980,리노스,K,0,0,
039860,나노엔텍,K,0,0,
039840,디오,K,0,0,
039830,오로라,K,0,0,
039740,한국정보공학,K,0,0,
039670,한류타임즈,K,0,0,
039610,화성밸브,K,0,0,
039570,HDC아이콘트롤스,Y,0,0,
039560,다산네트웍스,K,0,0,
039440,에스티아이,K,0,0,
039420,케이엘넷,K,0,0,
039340,한국경제TV,K,0,0,
039310,세중,K,0,0,
039290,인포뱅크,K,0,0,
039240,경남스틸,K,0,0,
039230,에이아이비트,K,0,0,
039200,오스코텍,K,0,0,
039030,이오테크닉스,K,0,0,
039020,이건홀딩스,K,0,0,
039010,현대통신,K,0,0,
038950,파인디지털,K,0,0,
038880,아이에이,K,0,0,
038870,에코바이오,K,0,0,
038680,에스넷,K,0,0,
038620,위즈코프,K,0,0,
038540,상상인,K,0,0,
038530,골드퍼시픽,K,0,0,
038500,삼표시멘트,K,0,0,
038460,바이오스마트,K,0,0,
038390,레드캡투어,K,0,0,
038340,UCI,K,0,0,
038290,마크로젠,K,0,0,
038160,팍스넷,K,0,0,
038110,에코플라스틱,K,0,0,
038070,서린바이오,K,0,0,
038060,루멘스,K,0,0,
038010,제일테크노스,K,0,0,
037950,엘컴텍,K,0,0,
037760,쎄니트,K,0,0,
037710,광주신세계,Y,0,0,
037560,CJ헬로,Y,0,0,
037460,삼지전자,K,0,0,
037440,희림,K,0,0,
037400,우리조명,K,0,0,
037370,EG,K,0,0,
037350,성도이엔지,K,0,0,
037330,인지디스플레,K,0,0,
037270,YG PLUS,Y,0,0,
037230,한국팩키지,K,0,0,
037070,파세코,K,0,0,
036930,주성엔지니어링,K,0,0,
036890,진성티이씨,K,0,0,
036830,솔브레인,K,0,0,
036810,에프에스티,K,0,0,
036800,나이스정보통신,K,0,0,
036710,심텍홀딩스,K,0,0,
036690,코맥스,K,0,0,
036670,KCI,K,0,0,
036640,HRS,K,0,0,
036630,세종텔레콤,K,0,0,
036620,버추얼텍,K,0,0,
036580,팜스코,Y,0,0,
036560,영풍정밀,K,0,0,
036540,SFA반도체,K,0,0,
036490,SK머티리얼즈,K,0,0,
036480,대성미생물,K,0,0,
036460,한국가스공사,Y,0,0,
036260,이매진아시아,K,0,0,
036200,유니셈,K,0,0,
036190,금화피에스시,K,0,0,
036180,영인프런티어,K,0,0,
036170,씨티젠,K,0,0,
036120,SCI평가정보,K,0,0,
036090,위지트,K,0,0,
036030,KTH,K,0,0,
036010,아비코전자,K,0,0,
036000,예림당,K,0,0,
035900,JYP Ent.,K,0,0,
035890,서희건설,K,0,0,
035810,이지바이오,K,0,0,
035760,CJ ENM,K,0,0,
035620,바른손이앤에이,K,0,0,
035610,솔본,K,0,0,
035600,KG이니시스,K,0,0,
035460,기산텔레콤,K,0,0,
035290,더블유에프엠,K,0,0,
035200,프럼파스트,K,0,0,
035150,백산,Y,0,0,
035080,인터파크홀딩스,K,0,0,
035000,지투알,Y,0,0,
034950,한국기업평가,K,0,0,
034940,조아제약,K,0,0,
034810,해성산업,K,0,0,
034730,SK,Y,0,0,
034590,인천도시가스,Y,0,0,
034310,NICE,Y,0,0,
034230,파라다이스,K,0,0,
034220,LG디스플레이,Y,0,0,
034020,두산중공업,Y,0,0,
033830,티비씨,K,0,0,
033790,스카이문스테크놀로지,K,0,0,
033780,케이티앤지,Y,0,0,
033660,아주캐피탈,Y,0,0,
033640,네패스,K,0,0,
033600,럭슬,K,0,0,
033560,블루콤,K,0,0,
033540,파라텍,K,0,0,
033500,동성화인텍,K,0,0,
033430,디에스티,K,0,0,
033340,좋은사람들,K,0,0,
033320,제이씨현시스템,K,0,0,
033310,디케이디앤아이,K,0,0,
033290,코웰패션,K,0,0,
033250,체시스,Y,0,0,
033240,자화전자,Y,0,0,
033230,인성정보,K,0,0,
033200,모아텍,K,0,0,
033170,시그네틱스,K,0,0,
033160,엠케이전자,K,0,0,
033130,디지틀조선,K,0,0,
033110,코너스톤네트웍스,K,0,0,
033100,제룡전기,K,0,0,
033050,제이엠아이,K,0,0,
032980,바이온,K,0,0,
032960,동일기연,K,0,0,
032940,원익,K,0,0,
032860,글로스퍼랩스,K,0,0,
032850,비트컴퓨터,K,0,0,
032830,삼성생명,Y,0,0,
032820,우리기술,K,0,0,
032800,판타지오,K,0,0,
032790,엠젠플러스,K,0,0,
032750,삼진,K,0,0,
032680,소프트센,K,0,0,
032620,유비케어,K,0,0,
032580,피델릭스,K,0,0,
032540,TJ미디어,K,0,0,
032500,케이엠더블유,K,0,0,
032350,롯데관광개발,Y,0,0,
032280,삼일,K,0,0,
032190,다우데이타,K,0,0,
032080,아즈텍WB,K,0,0,
031980,피에스케이홀딩스,K,0,0,
031860,엔에스엔,K,0,0,
031820,콤텍시스템,Y,0,0,
031510,오스템,K,0,0,
031430,신세계인터내셔날,Y,0,0,
031390,녹십자셀,K,0,0,
031330,에스에이엠티,K,0,0,
031310,아이즈비전,K,0,0,
030960,양지사,K,0,0,
030720,동원수산,Y,0,0,
030530,원익홀딩스,K,0,0,
030520,한글과컴퓨터,K,0,0,
030350,드래곤플라이,K,0,0,
030270,에스마크,K,0,0,
030210,KTB투자증권,Y,0,0,
030200,케이티,Y,0,0,
030190,NICE평가정보,K,0,0,
030000,제일기획,Y,0,0,
029960,코엔텍,K,0,0,
029780,삼성카드,Y,0,0,
029530,신도리코,Y,0,0,
029480,바른테크놀로지,K,0,0,
029460,케이씨,Y,0,0,
028670,팬오션,Y,0,0,
028300,에이치엘비,K,0,0,
028260,삼성물산,Y,0,0,
028150,GS홈쇼핑,K,0,0,
028100,동아지질,Y,0,0,
028080,휴맥스홀딩스,K,0,0,
028050,삼성엔지니어링,Y,0,0,
028040,미래SCI,K,0,0,
027970,세하,Y,0,0,
027830,대성창투,K,0,0,
027710,팜스토리,K,0,0,
027580,상보,K,0,0,
027410,BGF,Y,0,0,
027390,한화갤러리아타임월드,Y,0,0,
027360,아주IB투자,K,0,0,
027050,코리아나,K,0,0,
027040,서울전자통신,K,0,0,
026910,광진실업,K,0,0,
026890,디피씨,Y,0,0,
026150,특수건설,K,0,0,
026040,제이에스티나,K,0,0,
025980,아난티,K,0,0,
025950,동신건설,K,0,0,
025900,동화기업,K,0,0,
025890,한국주강,Y,0,0,
025880,케이씨피드,K,0,0,
025870,신라에스지,K,0,0,
025860,남해화학,Y,0,0,
025820,이구산업,Y,0,0,
025770,한국정보통신,K,0,0,
025750,한솔홈데코,Y,0,0,
025620,제이준코스메틱,Y,0,0,
025560,미래산업,Y,0,0,
025550,한국선재,K,0,0,
025540,한국단자공업,Y,0,0,
025530,에스제이엠홀딩스,Y,0,0,
025440,대성엘텍,K,0,0,
025320,시노펙스,K,0,0,
025000,KPX케미칼,Y,0,0,
024950,삼천리자전거,K,0,0,
024940,PN풍년,K,0,0,
024910,경창산업,K,0,0,
024900,덕양산업,Y,0,0,
024890,대원화성,Y,0,0,
024880,케이피에프,K,0,0,
024850,피에스엠씨,K,0,0,
024840,KBI메탈,K,0,0,
024830,세원물산,K,0,0,
024810,이화전기,K,0,0,
024800,유성티엔에스,K,0,0,
024740,한일단조,K,0,0,
024120,KB오토시스,K,0,0,
024090,디씨엠,Y,0,0,
024070,WISCOM,Y,0,0,
024060,흥구석유,K,0,0,
023960,에쓰씨엔지니어링,Y,0,0,
023910,대한약품,K,0,0,
023900,풍국주정,K,0,0,
023890,한국아트라스비엑스,K,0,0,
023800,인지컨트롤스,Y,0,0,
023790,동일철강,K,0,0,
023770,플레이위드,K,0,0,
023760,한국캐피탈,K,0,0,
023600,삼보판지,K,0,0,
023590,다우기술,Y,0,0,
023530,롯데쇼핑,Y,0,0,
023460,CNH,K,0,0,
023450,동남합성,Y,0,0,
023440,제일제강,K,0,0,
023410,유진기업,K,0,0,
023350,한국종합기술,Y,0,0,
023160,태광,K,0,0,
023150,MH에탄올,Y,0,0,
023000,삼원강재,Y,0,0,
022100,포스코 ICT,K,0,0,
021880,메이슨캐피탈,K,0,0,
021820,세원정공,Y,0,0,
021650,한국큐빅,K,0,0,
021320,KCC건설,K,0,0,
021080,에이티넘인베스트,K,0,0,
021050,서원,Y,0,0,
021040,대호피앤씨,K,0,0,
020760,일진디스플,Y,0,0,
020710,시공테크,K,0,0,
020400,대동금속,K,0,0,
020180,대신정보통신,K,0,0,
020150,일진머티리얼즈,Y,0,0,
020120,키다리스튜디오,Y,0,0,
020000,한섬,Y,0,0,
019990,에너토크,K,0,0,
019770,서연탑메탈,K,0,0,
019680,대교,Y,0,0,
019660,글로본,K,0,0,
019590,엠벤처투자,K,0,0,
019570,리더스 기술투자,K,0,0,
019550,SBI인베스트먼트,K,0,0,
019540,일지테크,K,0,0,
019490,하이트론씨스템즈,Y,0,0,
019440,세아특수강,Y,0,0,
019210,와이지-원,K,0,0,
019180,티에이치엔,Y,0,0,
019170,신풍제약,Y,0,0,
019010,베뉴지,K,0,0,
018880,한온시스템,Y,0,0,
018700,바른손,K,0,0,
018680,서울제약,K,0,0,
018670,SK가스,Y,0,0,
018620,우진비앤지,K,0,0,
018500,동원금속,Y,0,0,
018470,조일알미늄,Y,0,0,
018310,삼목에스폼,K,0,0,
018290,브이티지엠피,K,0,0,
018260,삼성에스디에스,Y,0,0,
018250,애경산업,Y,0,0,
018120,진로발효,K,0,0,
018000,유니슨,K,0,0,
017960,한국카본,Y,0,0,
017940,E1,Y,0,0,
017900,광전자,Y,0,0,
017890,한국알콜,K,0,0,
017810,풀무원,Y,0,0,
017800,현대엘리베이터,Y,0,0,
017670,SK텔레콤,Y,0,0,
017650,대림제지,K,0,0,
017550,수산중공업,Y,0,0,
017510,세명전기,K,0,0,
017480,삼현철강,K,0,0,
017390,서울도시가스,Y,0,0,
017250,인터엠,K,0,0,
017180,명문제약,Y,0,0,
017040,광명전기,Y,0,0,
017000,신원종합개발,K,0,0,
016920,카스,K,0,0,
016880,웅진,Y,0,0,
016800,퍼시스,Y,0,0,
016790,현대사료,K,0,0,
016740,두올,Y,0,0,
016710,대성홀딩스,Y,0,0,
016670,포비스티앤씨,K,0,0,
016610,DB금융투자,Y,0,0,
016600,큐캐피탈,K,0,0,
016590,신대양제지,Y,0,0,
016580,환인제약,Y,0,0,
016380,동부제철,Y,0,0,
016360,삼성증권,Y,0,0,
016250,이테크건설,K,0,0,
016100,리더스코스메틱,K,0,0,
016090,대현,Y,0,0,
015890,태경산업,Y,0,0,
015860,일진홀딩스,Y,0,0,
015760,한국전력공사,Y,0,0,
015750,성우하이텍,K,0,0,
015710,코콤,K,0,0,
015590,큐로,Y,0,0,
015540,메디파트너생명공학,Y,0,0,
015360,예스코홀딩스,Y,0,0,
015350,부산도시가스,Y,0,0,
015260,에이엔피,Y,0,0,
015230,대창단조,Y,0,0,
015020,이스타코,Y,0,0,
014990,인디에프,Y,0,0,
014970,삼륭물산,K,0,0,
014940,오리엔탈정공,K,0,0,
014910,성문전자,Y,0,0,
014830,유니드,Y,0,0,
014820,동원시스템즈,Y,0,0,
014790,한라,Y,0,0,
014710,사조씨푸드,Y,0,0,
014680,한솔케미칼,Y,0,0,
014620,성광벤드,K,0,0,
014580,백광소재,Y,0,0,
014570,고려제약,K,0,0,
014530,극동유화,Y,0,0,
014470,부방,K,0,0,
014440,영보화학,Y,0,0,
014280,금강공업,Y,0,0,
014200,광림,K,0,0,
014190,원익큐브,K,0,0,
014160,대영포장,Y,0,0,
014130,한익스프레스,Y,0,0,
014100,보령메디앙스,K,0,0,
013990,아가방컴퍼니,K,0,0,
013870,지엠비코리아,Y,0,0,
013810,스페코,K,0,0,
013720,청보산업,K,0,0,
013700,까뮤이앤씨,Y,0,0,
013580,계룡건설산업,Y,0,0,
013570,디와이,Y,0,0,
013520,화승알앤에이,Y,0,0,
013360,일성건설,Y,0,0,
013120,동원개발,K,0,0,
013030,하이록코리아,K,0,0,
013000,세우글로벌,Y,0,0,
012860,모베이스전자,K,0,0,
012800,대창,Y,0,0,
012790,신일제약,K,0,0,
012750,에스원,Y,0,0,
012700,리드코프,K,0,0,
012690,모나리자,Y,0,0,
012630,HDC,Y,0,0,
012620,원일특강,K,0,0,
012610,경인양행,Y,0,0,
012600,청호컴넷,Y,0,0,
012510,더존비즈온,Y,0,0,
012450,한화에어로스페이스,Y,0,0,
012340,뉴인텍,K,0,0,
012330,현대모비스,Y,0,0,
012320,경동인베스트,Y,0,0,
012280,영화금속,Y,0,0,
012200,계양전기,Y,0,0,
012170,키위미디어그룹,Y,0,0,
012160,영흥철강,Y,0,0,
012030,DB,Y,0,0,
011930,신성이엔지,Y,0,0,
011810,STX,Y,0,0,
011790,SKC,Y,0,0,
011780,금호석유화학,Y,0,0,
011760,현대종합상사,Y,0,0,
011700,한신기계공업,Y,0,0,
011690,유양디앤유,Y,0,0,
011560,세보엠이씨,K,0,0,
011500,한농화성,Y,0,0,
011420,갤럭시아에스엠,Y,0,0,
011390,부산산업,Y,0,0,
011370,서한,K,0,0,
011330,유니켐,Y,0,0,
011320,유니크,K,0,0,
011300,성안,Y,0,0,
011280,태림포장,Y,0,0,
011230,삼화전자공업,Y,0,0,
011210,현대위아,Y,0,0,
011200,현대상선,Y,0,0,
011170,롯데케미칼,Y,0,0,
011160,두산건설,Y,0,0,
011150,CJ씨푸드,Y,0,0,
011090,에넥스,Y,0,0,
011080,형지I&C,K,0,0,
011070,LG이노텍,Y,0,0,
011040,경동제약,K,0,0,
011000,진원생명과학,Y,0,0,
010950,S-Oil,Y,0,0,
010820,퍼스텍,Y,0,0,
010780,아이에스동서,Y,0,0,
010770,평화홀딩스,Y,0,0,
010690,화신,Y,0,0,
010660,화천기계,Y,0,0,
010640,진양폴리우레탄,Y,0,0,
010620,현대미포조선,Y,0,0,
010600,웰바이오텍,Y,0,0,
010580,지코,Y,0,0,
010470,오리콤,K,0,0,
010420,한솔피엔에스,Y,0,0,
010400,우진아이엔에스,Y,0,0,
010280,쌍용정보통신,K,0,0,
010240,흥국,K,0,0,
010170,대한광통신,K,0,0,
010140,삼성중공업,Y,0,0,
010130,고려아연,Y,0,0,
010120,LS산전,Y,0,0,
010100,한국프랜지공업,Y,0,0,
010060,OCI,Y,0,0,
010050,우리종금,Y,0,0,
009970,영원무역홀딩스,Y,0,0,
009830,한화케미칼,Y,0,0,
009810,엔케이물산,Y,0,0,
009780,엠에스씨,K,0,0,
009770,삼정펄프,Y,0,0,
009730,코센,K,0,0,
009680,모토닉,Y,0,0,
009620,삼보산업,K,0,0,
009580,무림P&P,Y,0,0,
009540,한국조선해양,Y,0,0,
009520,포스코엠텍,K,0,0,
009470,삼화전기,Y,0,0,
009460,한창제지,Y,0,0,
009450,경동나비엔,Y,0,0,
009440,KC그린홀딩스,Y,0,0,
009420,한올바이오파마,Y,0,0,
009410,태영건설,Y,0,0,
009320,대우부품,Y,0,0,
009310,참엔지니어링,Y,0,0,
009300,삼아제약,K,0,0,
009290,광동제약,Y,0,0,
009270,신원,Y,0,0,
009240,한샘,Y,0,0,
009200,무림페이퍼,Y,0,0,
009190,대양금속,Y,0,0,
009180,한솔로지스틱스,Y,0,0,
009160,SIMPAC,Y,0,0,
009150,삼성전기,Y,0,0,
009140,경인전자,Y,0,0,
009070,케이씨티시,Y,0,0,
008970,동양철관,Y,0,0,
008930,한미사이언스,Y,0,0,
008870,금비,Y,0,0,
008830,대동기어,K,0,0,
008800,행남사,K,0,0,
008770,호텔신라,Y,0,0,
008730,율촌화학,Y,0,0,
008700,아남전자,Y,0,0,
008600,윌비스,Y,0,0,
008560,메리츠종금증권,Y,0,0,
008500,일정실업,Y,0,0,
008490,서흥,Y,0,0,
008470,부스타,K,0,0,
008420,문배철강,Y,0,0,
008370,원풍,K,0,0,
008350,남선알미늄,Y,0,0,
008290,원풍물산,K,0,0,
008260,NI스틸,Y,0,0,
008250,이건산업,Y,0,0,
008110,대동전자,Y,0,0,
008060,대덕전자,Y,0,0,
008040,사조동아원,Y,0,0,
007980,태평양물산,Y,0,0,
007860,서연,Y,0,0,
007820,에스엠코어,K,0,0,
007810,코리아써키트,Y,0,0,
007770,한일화학,K,0,0,
007720,대명코퍼레이션,K,0,0,
007700,F&F,Y,0,0,
007690,국도화학,Y,0,0,
007680,대원,K,0,0,
007630,폴루스바이오팜,Y,0,0,
007610,선도전기,Y,0,0,
007590,동방아그로,Y,0,0,
007570,일양약품,Y,0,0,
007540,샘표,Y,0,0,
007530,영신금속,K,0,0,
007460,에이프로젠 KIC,Y,0,0,
007390,네이처셀,K,0,0,
007370,진양제약,K,0,0,
007340,디티알오토모티브,Y,0,0,
007330,푸른저축은행,K,0,0,
007310,오뚜기,Y,0,0,
007280,한국특수형강,Y,0,0,
007210,벽산,Y,0,0,
007160,사조산업,Y,0,0,
007120,미래아이앤지,Y,0,0,
007110,일신석재,Y,0,0,
007070,GS리테일,Y,0,0,
006980,우성사료,Y,0,0,
006920,모헨즈,K,0,0,
006910,보성파워텍,K,0,0,
006880,신송홀딩스,Y,0,0,
006840,AK홀딩스,Y,0,0,
006800,미래에셋대우,Y,0,0,
006740,영풍제지,Y,0,0,
006730,서부T&D,K,0,0,
006660,삼성공조,Y,0,0,
006650,대한유화,Y,0,0,
006620,동구바이오제약,K,0,0,
006580,대양제지,K,0,0,
006570,대림통상,Y,0,0,
006490,인스코비,Y,0,0,
006400,삼성SDI,Y,0,0,
006390,한일현대시멘트,Y,0,0,
006380,카프로,Y,0,0,
006370,대구백화점,Y,0,0,
006360,GS건설,Y,0,0,
006340,대원전선,Y,0,0,
006280,녹십자,Y,0,0,
006260,LS,Y,0,0,
006220,제주은행,Y,0,0,
006200,한국전자홀딩스,Y,0,0,
006140,피제이전자,K,0,0,
006120,SK디스커버리,Y,0,0,
006110,삼아알미늄,Y,0,0,
006090,사조오양,Y,0,0,
006060,화승인더스트리,Y,0,0,
006050,국영지앤엠,K,0,0,
006040,동원산업,Y,0,0,
005990,매일홀딩스,K,0,0,
005960,동부건설,Y,0,0,
005950,이수화학,Y,0,0,
005940,NH투자증권,Y,0,0,
005930,삼성전자,Y,0,0,
005880,대한해운,Y,0,0,
005870,휴니드테크놀러지스,Y,0,0,
005860,한일사료,K,0,0,
005850,에스엘,Y,0,0,
005830,DB손해보험,Y,0,0,
005820,원림,Y,0,0,
005810,풍산홀딩스,Y,0,0,
005800,신영와코루,Y,0,0,
005750,대림비앤코,Y,0,0,
005740,크라운해태홀딩스,Y,0,0,
005720,넥센,Y,0,0,
005710,대원산업,K,0,0,
005690,파미셀,Y,0,0,
005680,삼영전자공업,Y,0,0,
005670,푸드웰,K,0,0,
005610,SPC삼립,Y,0,0,
005500,삼진제약,Y,0,0,
005490,포스코,Y,0,0,
005450,신한,Y,0,0,
005440,현대그린푸드,Y,0,0,
005430,한국공항,Y,0,0,
005420,코스모화학,Y,0,0,
005390,신성통상,Y,0,0,
005380,현대자동차,Y,0,0,
005360,모나미,Y,0,0,
005320,국동,Y,0,0,
005300,롯데칠성음료,Y,0,0,
005290,동진쎄미켐,K,0,0,
005250,녹십자홀딩스,Y,0,0,
005190,동성화학,Y,0,0,
005180,빙그레,Y,0,0,
005160,동국산업,K,0,0,
005110,한창,Y,0,0,
005090,삼광글라스,Y,0,0,
005070,코스모신소재,Y,0,0,
005030,부산주공,Y,0,0,
005010,휴스틸,Y,0,0,
004990,롯데지주,Y,0,0,
004980,성신양회,Y,0,0,
004970,신라교역,Y,0,0,
004960,한신공영,Y,0,0,
004920,씨아이테크,Y,0,0,
004910,조광페인트,Y,0,0,
004890,동일산업,Y,0,0,
004870,티웨이홀딩스,Y,0,0,
004840,DRB동일,Y,0,0,
004830,덕성,Y,0,0,
004800,효성,Y,0,0,
004780,대륙제관,K,0,0,
004770,써니전자,Y,0,0,
004720,우리들제약,Y,0,0,
004710,한솔테크닉스,Y,0,0,
004700,조광피혁,Y,0,0,
004690,삼천리,Y,0,0,
004650,창해에탄올,K,0,0,
004590,한국가구,K,0,0,
004560,현대비앤지스틸,Y,0,0,
004540,깨끗한나라,Y,0,0,
004490,세방전지,Y,0,0,
004450,삼화왕관,Y,0,0,
004440,대림씨엔에스,Y,0,0,
004430,송원산업,Y,0,0,
004410,서울식품공업,Y,0,0,
004380,삼익THK,Y,0,0,
004370,농심,Y,0,0,
004360,세방,Y,0,0,
004310,현대약품,Y,0,0,
004270,남성,Y,0,0,
004250,엔피씨,Y,0,0,
004200,고려개발,Y,0,0,
004170,신세계,Y,0,0,
004150,한솔홀딩스,Y,0,0,
004140,동방,Y,0,0,
004100,태양금속공업,Y,0,0,
004090,한국석유공업,Y,0,0,
004080,신흥,Y,0,0,
004060,SG세계물산,Y,0,0,
004020,현대제철,Y,0,0,
004000,롯데정밀화학,Y,0,0,
003960,사조대림,Y,0,0,
003920,남양유업,Y,0,0,
003850,보령제약,Y,0,0,
003830,대한화섬,Y,0,0,
003800,에이스침대,K,0,0,
003780,진양산업,Y,0,0,
003720,삼영화학공업,Y,0,0,
003690,코리안리,Y,0,0,
003680,한성기업,Y,0,0,
003650,미창석유공업,Y,0,0,
003620,쌍용자동차,Y,0,0,
003610,방림,Y,0,0,
003580,넥스트사이언스,Y,0,0,
003570,S&T중공업,Y,0,0,
003560,아이에이치큐,Y,0,0,
003550,LG,Y,0,0,
003540,대신증권,Y,0,0,
003530,한화투자증권,Y,0,0,
003520,영진약품,Y,0,0,
003490,대한항공,Y,0,0,
003480,한진중공업홀딩스,Y,0,0,
003470,유안타증권,Y,0,0,
003460,유화증권,Y,0,0,
003410,쌍용양회공업,Y,0,0,
003350,한국화장품제조,Y,0,0,
003310,대주산업,K,0,0,
003300,한일홀딩스,Y,0,0,
003280,흥아해운,Y,0,0,
003240,태광산업,Y,0,0,
003230,삼양식품,Y,0,0,
003220,대원제약,Y,0,0,
003200,일신방직,Y,0,0,
003160,디아이,Y,0,0,
003120,일성신약,Y,0,0,
003100,선광,K,0,0,
003090,대웅,Y,0,0,
003080,성보화학,Y,0,0,
003070,코오롱글로벌,Y,0,0,
003060,에이프로젠제약,Y,0,0,
003030,세아제강지주,Y,0,0,
003010,혜인,Y,0,0,
003000,부광약품,Y,0,0,
002990,금호산업,Y,0,0,
002960,한국쉘석유,Y,0,0,
002920,유성기업,Y,0,0,
002900,동양물산기업,Y,0,0,
002880,대유에이텍,Y,0,0,
002870,신풍제지,Y,0,0,
002840,미원상사,Y,0,0,
002820,선창산업,Y,0,0,
002810,삼영무역,Y,0,0,
002800,신신제약,K,0,0,
002790,아모레퍼시픽그룹,Y,0,0,
002780,진흥기업,Y,0,0,
002760,보락,Y,0,0,
002720,국제약품,Y,0,0,
002710,TCC스틸,Y,0,0,
002700,신일산업,Y,0,0,
002690,동일제강,Y,0,0,
002680,한탑,K,0,0,
002630,오리엔트바이오,Y,0,0,
002620,제일파마홀딩스,Y,0,0,
002600,조흥,Y,0,0,
002460,화성산업,Y,0,0,
002450,삼익악기,Y,0,0,
002420,세기상사,Y,0,0,
002410,범양건영,Y,0,0,
002390,한독,Y,0,0,
002380,케이씨씨,Y,0,0,
002360,SH에너지화학,Y,0,0,
002350,넥센타이어,Y,0,0,
002320,한진,Y,0,0,
002310,아세아제지,Y,0,0,
002300,한국제지,Y,0,0,
002290,삼일기업공사,K,0,0,
002270,롯데푸드,Y,0,0,
002240,고려제강,Y,0,0,
002230,피에스텍,K,0,0,
002220,한일철강,Y,0,0,
002210,동성제약,Y,0,0,
002200,한국수출포장공업,Y,0,0,
002170,삼양통상,Y,0,0,
002150,도화엔지니어링,Y,0,0,
002140,고려산업,Y,0,0,
002100,경농,Y,0,0,
002070,남영비비안,Y,0,0,
002030,아세아,Y,0,0,
002020,코오롱,Y,0,0,
001940,KISCO홀딩스,Y,0,0,
001880,삼호,Y,0,0,
001840,이화공영,K,0,0,
001820,삼화콘덴서공업,Y,0,0,
001810,무림SP,K,0,0,
001800,오리온홀딩스,Y,0,0,
001790,대한제당,Y,0,0,
001770,신화실업,Y,0,0,
001750,한양증권,Y,0,0,
001740,SK네트웍스,Y,0,0,
001720,신영증권,Y,0,0,
001680,대상,Y,0,0,
001630,종근당홀딩스,Y,0,0,
001620,케이비아이동국실업,Y,0,0,
001570,금양,Y,0,0,
001560,제일연마,Y,0,0,
001550,조비,Y,0,0,
001540,안국약품,K,0,0,
001530,디아이동일,Y,0,0,
001520,동양,Y,0,0,
001510,SK증권,Y,0,0,
001500,현대차증권,Y,0,0,
001470,삼부토건,Y,0,0,
001460,BYC,Y,0,0,
001450,현대해상,Y,0,0,
001440,대한전선,Y,0,0,
001430,세아베스틸,Y,0,0,
001420,태원물산,Y,0,0,
001390,KG케미칼,Y,0,0,
001380,SG충방,Y,0,0,
001360,삼성제약,Y,0,0,
001340,백광산업,Y,0,0,
001290,상상인증권,Y,0,0,
001270,부국증권,Y,0,0,
001260,남광토건,Y,0,0,
001250,GS글로벌,Y,0,0,
001230,동국제강,Y,0,0,
001210,금호전기,Y,0,0,
001200,유진증권,Y,0,0,
001140,카리스국보,Y,0,0,
001130,대한제분,Y,0,0,
001120,LG상사,Y,0,0,
001080,만호제강,Y,0,0,
001070,대한방직,Y,0,0,
001060,JW중외제약,Y,0,0,
001040,CJ,Y,0,0,
001020,페이퍼코리아,Y,0,0,
001000,신라섬유,K,0,0,
000990,DB하이텍,Y,0,0,
000970,한국주철관공업,Y,0,0,
000950,전방,Y,0,0,
000910,유니온,Y,0,0,
000890,보해양조,Y,0,0,
000880,한화,Y,0,0,
000860,강남제비스코,Y,0,0,
000850,화천기공,Y,0,0,
000810,삼성화재해상보험,Y,0,0,
000760,이화산업,Y,0,0,
000720,현대건설,Y,0,0,
000700,유수홀딩스,Y,0,0,
000680,LS네트웍스,Y,0,0,
000670,영풍,Y,0,0,
000660,SK하이닉스,Y,0,0,
000650,천일고속,Y,0,0,
000640,동아쏘시오홀딩스,Y,0,0,
000590,CS홀딩스,Y,0,0,
000540,흥국화재,Y,0,0,
000520,삼일제약,Y,0,0,
000500,가온전선,Y,0,0,
000490,대동공업,Y,0,0,
000480,조선내화,Y,0,0,
000440,중앙에너비스,K,0,0,
000430,대원강업,Y,0,0,
000400,롯데손해보험,Y,0,0,
000390,삼화페인트공업,Y,0,0,
000370,한화손해보험,Y,0,0,
000320,노루홀딩스,Y,0,0,
000300,대유플러스,Y,0,0,
000270,기아자동차,Y,0,0,
000250,삼천당제약,K,0,0,
000240,한국테크놀로지그룹,Y,0,0,
000230,일동홀딩스,Y,0,0,
000220,유유제약,Y,0,0,
000210,대림산업,Y,0,0,
000180,성창기업지주,Y,0,0,
000150,두산,Y,0,0,
000140,하이트진로홀딩스,Y,0,0,
000120,CJ대한통운,Y,0,0,
000100,유한양행,Y,0,0,
000070,삼양홀딩스,Y,0,0,
000060,메리츠화재,Y,0,0,
000050,경방,Y,0,0,
000040,KR모터스,Y,0,0,
000020,동화약품,Y,0,0,